4,9,7,5,2,10,8,6,0,3,1
11,4,9,7,5,2,10,8,6,0,3,1
11,4,9,7,5,2,12,10,8,6,0,3,1
11,4,13,9,7,5,2,12,10,8,6,0,3,1
11,4,13,9,14,7,5,2,12,10,8,6,0,3,1
11,4,15,13,9,14,7,5,2,12,10,8,6,0,3,1
11,16,4,15,13,9,14,7,5,2,12,10,8,6,0,3,1
11,17,16,4,15,13,9,14,7,5,2,12,10,8,6,0,3,1
11,18,17,16,4,15,13,9,14,7,5,2,12,10,8,6,0,3,1
19,11,18,17,16,4,15,13,9,14,7,5,2,12,10,8,6,0,3,1
19,11,20,18,17,16,4,15,13,9,14,7,5,2,12,10,8,6,0,3,1
19,11,21,20,18,17,16,4,15,13,9,14,7,5,2,12,10,8,6,0,3,1
22,19,11,21,20,18,17,16,4,15,13,9,14,7,5,2,12,10,8,6,0,3,1
22,19,11,23,21,20,18,17,16,4,15,13,9,14,7,5,2,12,10,8,6,0,3,1
22,19,24,11,23,21,20,18,17,16,4,15,13,9,14,7,5,2,12,10,8,6,0,3,1
22,19,25,24,11,23,21,20,18,17,16,4,15,13,9,14,7,5,2,12,10,8,6,0,3,1
22,19,26,25,24,11,23,21,20,18,17,16,4,15,13,9,14,7,5,2,12,10,8,6,0,3,1
22,27,19,26,25,24,11,23,21,20,18,17,16,4,15,13,9,14,7,5,2,12,10,8,6,0,3,1
28,22,27,19,26,25,24,11,23,21,20,18,17,16,4,15,13,9,14,7,5,2,12,10,8,6,0,3,1
29,28,22,27,19,26,25,24,11,23,21,20,18,17,16,4,15,13,9,14,7,5,2,12,10,8,6,0,3,1
29,28,22,30,27,19,26,25,24,11,23,21,20,18,17,16,4,15,13,9,14,7,5,2,12,10,8,6,0,3,1
29,28,22,31,30,27,19,26,25,24,11,23,21,20,18,17,16,4,15,13,9,14,7,5,2,12,10,8,6,0,3,1
29,32,28,22,31,30,27,19,26,25,24,11,23,21,20,18,17,16,4,15,13,9,14,7,5,2,12,10,8,6,0,3,1
33,29,32,28,22,31,30,27,19,26,25,24,11,23,21,20,18,17,16,4,15,13,9,14,7,5,2,12,10,8,6,0,3,1
33,29,32,28,22,34,31,30,27,19,26,25,24,11,23,21,20,18,17,16,4,15,13,9,14,7,5,2,12,10,8,6,0,3,1
33,29,32,28,35,22,34,31,30,27,19,26,25,24,11,23,21,20,18,17,16,4,15,13,9,14,7,5,2,12,10,8,6,0,3,1
33,29,32,28,36,35,22,34,31,30,27,19,26,25,24,11,23,21,20,18,17,16,4,15,13,9,14,7,5,2,12,10,8,6,0,3,1
33,29,32,37,28,36,35,22,34,31,30,27,19,26,25,24,11,23,21,20,18,17,16,4,15,13,9,14,7,5,2,12,10,8,6,0,3,1
33,29,32,38,37,28,36,35,22,34,31,30,27,19,26,25,24,11,23,21,20,18,17,16,4,15,13,9,14,7,5,2,12,10,8,6,0,3,1
39,33,29,32,38,37,28,36,35,22,34,31,30,27,19,26,25,24,11,23,21,20,18,17,16,4,15,13,9,14,7,5,2,12,10,8,6,0,3,1
40,39,33,29,32,38,37,28,36,35,22,34,31,30,27,19,26,25,24,11,23,21,20,18,17,16,4,15,13,9,14,7,5,2,12,10,8,6,0,3,1
40,39,33,29,41,32,38,37,28,36,35,22,34,31,30,27,19,26,25,24,11,23,21,20,18,17,16,4,15,13,9,14,7,5,2,12,10,8,6,0,3,1
40,39,33,42,29,41,32,38,37,28,36,35,22,34,31,30,27,19,26,25,24,11,23,21,20,18,17,16,4,15,13,9,14,7,5,2,12,10,8,6,0,3,1
40,39,33,43,42,29,41,32,38,37,28,36,35,22,34,31,30,27,19,26,25,24,11,23,21,20,18,17,16,4,15,13,9,14,7,5,2,12,10,8,6,0,3,1
40,39,33,43,44,42,29,41,32,38,37,28,36,35,22,34,31,30,27,19,26,25,24,11,23,21,20,18,17,16,4,15,13,9,14,7,5,2,12,10,8,6,0,3,1
40,39,45,33,43,44,42,29,41,32,38,37,28,36,35,22,34,31,30,27,19,26,25,24,11,23,21,20,18,17,16,4,15,13,9,14,7,5,2,12,10,8,6,0,3,1
46,40,39,45,33,43,44,42,29,41,32,38,37,28,36,35,22,34,31,30,27,19,26,25,24,11,23,21,20,18,17,16,4,15,13,9,14,7,5,2,12,10,8,6,0,3,1
46,40,39,47,45,33,43,44,42,29,41,32,38,37,28,36,35,22,34,31,30,27,19,26,25,24,11,23,21,20,18,17,16,4,15,13,9,14,7,5,2,12,10,8,6,0,3,1
46,40,39,47,48,45,33,43,44,42,29,41,32,38,37,28,36,35,22,34,31,30,27,19,26,25,24,11,23,21,20,18,17,16,4,15,13,9,14,7,5,2,12,10,8,6,0,3,1
46,40,39,47,49,48,45,33,43,44,42,29,41,32,38,37,28,36,35,22,34,31,30,27,19,26,25,24,11,23,21,20,18,17,16,4,15,13,9,14,7,5,2,12,10,8,6,0,3,1
46,40,39,47,49,48,50,45,33,43,44,42,29,41,32,38,37,28,36,35,22,34,31,30,27,19,26,25,24,11,23,21,20,18,17,16,4,15,13,9,14,7,5,2,12,10,8,6,0,3,1
46,40,39,47,49,51,48,50,45,33,43,44,42,29,41,32,38,37,28,36,35,22,34,31,30,27,19,26,25,24,11,23,21,20,18,17,16,4,15,13,9,14,7,5,2,12,10,8,6,0,3,1
46,40,39,47,49,52,51,48,50,45,33,43,44,42,29,41,32,38,37,28,36,35,22,34,31,30,27,19,26,25,24,11,23,21,20,18,17,16,4,15,13,9,14,7,5,2,12,10,8,6,0,3,1
46,53,40,39,47,49,52,51,48,50,45,33,43,44,42,29,41,32,38,37,28,36,35,22,34,31,30,27,19,26,25,24,11,23,21,20,18,17,16,4,15,13,9,14,7,5,2,12,10,8,6,0,3,1
46,53,40,39,47,49,52,51,48,54,50,45,33,43,44,42,29,41,32,38,37,28,36,35,22,34,31,30,27,19,26,25,24,11,23,21,20,18,17,16,4,15,13,9,14,7,5,2,12,10,8,6,0,3,1
46,53,40,39,47,49,52,51,48,54,50,55,45,33,43,44,42,29,41,32,38,37,28,36,35,22,34,31,30,27,19,26,25,24,11,23,21,20,18,17,16,4,15,13,9,14,7,5,2,12,10,8,6,0,3,1
46,53,40,39,47,49,52,51,48,54,50,55,56,45,33,43,44,42,29,41,32,38,37,28,36,35,22,34,31,30,27,19,26,25,24,11,23,21,20,18,17,16,4,15,13,9,14,7,5,2,12,10,8,6,0,3,1
46,53,40,39,57,47,49,52,51,48,54,50,55,56,45,33,43,44,42,29,41,32,38,37,28,36,35,22,34,31,30,27,19,26,25,24,11,23,21,20,18,17,16,4,15,13,9,14,7,5,2,12,10,8,6,0,3,1
46,53,40,39,57,58,47,49,52,51,48,54,50,55,56,45,33,43,44,42,29,41,32,38,37,28,36,35,22,34,31,30,27,19,26,25,24,11,23,21,20,18,17,16,4,15,13,9,14,7,5,2,12,10,8,6,0,3,1
46,53,40,39,57,58,47,49,52,51,48,54,50,55,59,56,45,33,43,44,42,29,41,32,38,37,28,36,35,22,34,31,30,27,19,26,25,24,11,23,21,20,18,17,16,4,15,13,9,14,7,5,2,12,10,8,6,0,3,1
46,53,40,39,57,58,47,49,60,52,51,48,54,50,55,59,56,45,33,43,44,42,29,41,32,38,37,28,36,35,22,34,31,30,27,19,26,25,24,11,23,21,20,18,17,16,4,15,13,9,14,7,5,2,12,10,8,6,0,3,1
61,46,53,40,39,57,58,47,49,60,52,51,48,54,50,55,59,56,45,33,43,44,42,29,41,32,38,37,28,36,35,22,34,31,30,27,19,26,25,24,11,23,21,20,18,17,16,4,15,13,9,14,7,5,2,12,10,8,6,0,3,1
61,46,53,40,39,57,58,47,62,49,60,52,51,48,54,50,55,59,56,45,33,43,44,42,29,41,32,38,37,28,36,35,22,34,31,30,27,19,26,25,24,11,23,21,20,18,17,16,4,15,13,9,14,7,5,2,12,10,8,6,0,3,1
61,46,53,40,39,57,58,47,62,49,60,52,51,48,63,54,50,55,59,56,45,33,43,44,42,29,41,32,38,37,28,36,35,22,34,31,30,27,19,26,25,24,11,23,21,20,18,17,16,4,15,13,9,14,7,5,2,12,10,8,6,0,3,1
61,46,53,40,39,57,64,58,47,62,49,60,52,51,48,63,54,50,55,59,56,45,33,43,44,42,29,41,32,38,37,28,36,35,22,34,31,30,27,19,26,25,24,11,23,21,20,18,17,16,4,15,13,9,14,7,5,2,12,10,8,6,0,3,1
61,46,53,40,39,57,64,58,47,65,62,49,60,52,51,48,63,54,50,55,59,56,45,33,43,44,42,29,41,32,38,37,28,36,35,22,34,31,30,27,19,26,25,24,11,23,21,20,18,17,16,4,15,13,9,14,7,5,2,12,10,8,6,0,3,1
61,46,53,40,39,57,66,64,58,47,65,62,49,60,52,51,48,63,54,50,55,59,56,45,33,43,44,42,29,41,32,38,37,28,36,35,22,34,31,30,27,19,26,25,24,11,23,21,20,18,17,16,4,15,13,9,14,7,5,2,12,10,8,6,0,3,1
61,46,53,40,39,57,66,64,58,47,65,62,49,60,52,51,48,63,54,50,67,55,59,56,45,33,43,44,42,29,41,32,38,37,28,36,35,22,34,31,30,27,19,26,25,24,11,23,21,20,18,17,16,4,15,13,9,14,7,5,2,12,10,8,6,0,3,1
61,46,53,40,39,57,66,68,64,58,47,65,62,49,60,52,51,48,63,54,50,67,55,59,56,45,33,43,44,42,29,41,32,38,37,28,36,35,22,34,31,30,27,19,26,25,24,11,23,21,20,18,17,16,4,15,13,9,14,7,5,2,12,10,8,6,0,3,1
61,46,53,40,39,57,66,68,64,58,47,65,62,49,60,52,51,48,63,54,50,67,69,55,59,56,45,33,43,44,42,29,41,32,38,37,28,36,35,22,34,31,30,27,19,26,25,24,11,23,21,20,18,17,16,4,15,13,9,14,7,5,2,12,10,8,6,0,3,1
61,46,53,40,39,57,66,68,64,58,47,65,62,49,60,52,51,48,63,70,54,50,67,69,55,59,56,45,33,43,44,42,29,41,32,38,37,28,36,35,22,34,31,30,27,19,26,25,24,11,23,21,20,18,17,16,4,15,13,9,14,7,5,2,12,10,8,6,0,3,1
61,71,46,53,40,39,57,66,68,64,58,47,65,62,49,60,52,51,48,63,70,54,50,67,69,55,59,56,45,33,43,44,42,29,41,32,38,37,28,36,35,22,34,31,30,27,19,26,25,24,11,23,21,20,18,17,16,4,15,13,9,14,7,5,2,12,10,8,6,0,3,1
61,71,46,53,40,39,57,66,68,64,58,47,65,62,72,49,60,52,51,48,63,70,54,50,67,69,55,59,56,45,33,43,44,42,29,41,32,38,37,28,36,35,22,34,31,30,27,19,26,25,24,11,23,21,20,18,17,16,4,15,13,9,14,7,5,2,12,10,8,6,0,3,1
61,71,46,53,40,39,57,66,68,64,58,47,65,62,72,73,49,60,52,51,48,63,70,54,50,67,69,55,59,56,45,33,43,44,42,29,41,32,38,37,28,36,35,22,34,31,30,27,19,26,25,24,11,23,21,20,18,17,16,4,15,13,9,14,7,5,2,12,10,8,6,0,3,1
61,71,46,53,40,39,57,66,68,64,58,47,65,62,72,73,49,60,52,74,51,48,63,70,54,50,67,69,55,59,56,45,33,43,44,42,29,41,32,38,37,28,36,35,22,34,31,30,27,19,26,25,24,11,23,21,20,18,17,16,4,15,13,9,14,7,5,2,12,10,8,6,0,3,1
61,71,46,53,40,39,57,66,68,64,58,47,65,62,72,73,49,60,52,74,51,48,63,70,54,75,50,67,69,55,59,56,45,33,43,44,42,29,41,32,38,37,28,36,35,22,34,31,30,27,19,26,25,24,11,23,21,20,18,17,16,4,15,13,9,14,7,5,2,12,10,8,6,0,3,1
61,71,46,53,40,39,57,66,68,64,58,47,65,62,72,76,73,49,60,52,74,51,48,63,70,54,75,50,67,69,55,59,56,45,33,43,44,42,29,41,32,38,37,28,36,35,22,34,31,30,27,19,26,25,24,11,23,21,20,18,17,16,4,15,13,9,14,7,5,2,12,10,8,6,0,3,1
61,71,46,53,40,39,57,66,68,64,58,47,65,62,72,77,76,73,49,60,52,74,51,48,63,70,54,75,50,67,69,55,59,56,45,33,43,44,42,29,41,32,38,37,28,36,35,22,34,31,30,27,19,26,25,24,11,23,21,20,18,17,16,4,15,13,9,14,7,5,2,12,10,8,6,0,3,1
61,71,46,53,40,39,57,66,68,64,58,47,65,62,72,77,76,73,49,78,60,52,74,51,48,63,70,54,75,50,67,69,55,59,56,45,33,43,44,42,29,41,32,38,37,28,36,35,22,34,31,30,27,19,26,25,24,11,23,21,20,18,17,16,4,15,13,9,14,7,5,2,12,10,8,6,0,3,1
61,71,46,53,40,39,57,66,79,68,64,58,47,65,62,72,77,76,73,49,78,60,52,74,51,48,63,70,54,75,50,67,69,55,59,56,45,33,43,44,42,29,41,32,38,37,28,36,35,22,34,31,30,27,19,26,25,24,11,23,21,20,18,17,16,4,15,13,9,14,7,5,2,12,10,8,6,0,3,1
61,71,46,53,40,39,57,66,79,68,64,58,47,65,62,72,77,76,73,49,78,60,52,74,51,48,63,70,54,75,80,50,67,69,55,59,56,45,33,43,44,42,29,41,32,38,37,28,36,35,22,34,31,30,27,19,26,25,24,11,23,21,20,18,17,16,4,15,13,9,14,7,5,2,12,10,8,6,0,3,1
61,71,46,53,40,39,57,66,79,68,64,58,47,65,62,72,77,81,76,73,49,78,60,52,74,51,48,63,70,54,75,80,50,67,69,55,59,56,45,33,43,44,42,29,41,32,38,37,28,36,35,22,34,31,30,27,19,26,25,24,11,23,21,20,18,17,16,4,15,13,9,14,7,5,2,12,10,8,6,0,3,1
61,71,46,53,82,40,39,57,66,79,68,64,58,47,65,62,72,77,81,76,73,49,78,60,52,74,51,48,63,70,54,75,80,50,67,69,55,59,56,45,33,43,44,42,29,41,32,38,37,28,36,35,22,34,31,30,27,19,26,25,24,11,23,21,20,18,17,16,4,15,13,9,14,7,5,2,12,10,8,6,0,3,1
61,71,46,53,82,40,39,57,66,79,68,64,58,47,65,62,72,77,83,81,76,73,49,78,60,52,74,51,48,63,70,54,75,80,50,67,69,55,59,56,45,33,43,44,42,29,41,32,38,37,28,36,35,22,34,31,30,27,19,26,25,24,11,23,21,20,18,17,16,4,15,13,9,14,7,5,2,12,10,8,6,0,3,1
61,71,46,53,82,40,39,57,66,79,68,64,58,47,65,62,72,77,83,81,76,73,49,78,60,52,74,51,48,63,70,54,75,84,80,50,67,69,55,59,56,45,33,43,44,42,29,41,32,38,37,28,36,35,22,34,31,30,27,19,26,25,24,11,23,21,20,18,17,16,4,15,13,9,14,7,5,2,12,10,8,6,0,3,1
61,71,46,53,82,40,39,57,66,79,68,64,58,47,65,62,72,77,83,81,76,73,49,78,85,60,52,74,51,48,63,70,54,75,84,80,50,67,69,55,59,56,45,33,43,44,42,29,41,32,38,37,28,36,35,22,34,31,30,27,19,26,25,24,11,23,21,20,18,17,16,4,15,13,9,14,7,5,2,12,10,8,6,0,3,1
61,71,46,53,82,40,39,57,66,79,68,64,58,47,86,65,62,72,77,83,81,76,73,49,78,85,60,52,74,51,48,63,70,54,75,84,80,50,67,69,55,59,56,45,33,43,44,42,29,41,32,38,37,28,36,35,22,34,31,30,27,19,26,25,24,11,23,21,20,18,17,16,4,15,13,9,14,7,5,2,12,10,8,6,0,3,1
61,87,71,46,53,82,40,39,57,66,79,68,64,58,47,86,65,62,72,77,83,81,76,73,49,78,85,60,52,74,51,48,63,70,54,75,84,80,50,67,69,55,59,56,45,33,43,44,42,29,41,32,38,37,28,36,35,22,34,31,30,27,19,26,25,24,11,23,21,20,18,17,16,4,15,13,9,14,7,5,2,12,10,8,6,0,3,1
61,87,71,46,53,82,40,39,57,66,79,68,64,58,47,86,65,62,72,77,83,81,76,73,49,78,85,88,60,52,74,51,48,63,70,54,75,84,80,50,67,69,55,59,56,45,33,43,44,42,29,41,32,38,37,28,36,35,22,34,31,30,27,19,26,25,24,11,23,21,20,18,17,16,4,15,13,9,14,7,5,2,12,10,8,6,0,3,1
61,87,71,46,53,82,40,39,57,66,79,68,64,58,47,86,65,89,62,72,77,83,81,76,73,49,78,85,88,60,52,74,51,48,63,70,54,75,84,80,50,67,69,55,59,56,45,33,43,44,42,29,41,32,38,37,28,36,35,22,34,31,30,27,19,26,25,24,11,23,21,20,18,17,16,4,15,13,9,14,7,5,2,12,10,8,6,0,3,1
61,87,71,46,53,82,40,39,57,66,79,68,64,58,47,86,65,89,90,62,72,77,83,81,76,73,49,78,85,88,60,52,74,51,48,63,70,54,75,84,80,50,67,69,55,59,56,45,33,43,44,42,29,41,32,38,37,28,36,35,22,34,31,30,27,19,26,25,24,11,23,21,20,18,17,16,4,15,13,9,14,7,5,2,12,10,8,6,0,3,1
61,87,71,46,53,82,40,39,57,91,66,79,68,64,58,47,86,65,89,90,62,72,77,83,81,76,73,49,78,85,88,60,52,74,51,48,63,70,54,75,84,80,50,67,69,55,59,56,45,33,43,44,42,29,41,32,38,37,28,36,35,22,34,31,30,27,19,26,25,24,11,23,21,20,18,17,16,4,15,13,9,14,7,5,2,12,10,8,6,0,3,1
61,87,71,46,53,82,40,39,92,57,91,66,79,68,64,58,47,86,65,89,90,62,72,77,83,81,76,73,49,78,85,88,60,52,74,51,48,63,70,54,75,84,80,50,67,69,55,59,56,45,33,43,44,42,29,41,32,38,37,28,36,35,22,34,31,30,27,19,26,25,24,11,23,21,20,18,17,16,4,15,13,9,14,7,5,2,12,10,8,6,0,3,1
61,87,71,46,53,82,40,39,92,57,91,66,79,68,64,58,47,86,65,89,90,62,72,77,83,81,93,76,73,49,78,85,88,60,52,74,51,48,63,70,54,75,84,80,50,67,69,55,59,56,45,33,43,44,42,29,41,32,38,37,28,36,35,22,34,31,30,27,19,26,25,24,11,23,21,20,18,17,16,4,15,13,9,14,7,5,2,12,10,8,6,0,3,1
61,87,71,46,53,82,40,39,92,57,91,66,79,68,64,94,58,47,86,65,89,90,62,72,77,83,81,93,76,73,49,78,85,88,60,52,74,51,48,63,70,54,75,84,80,50,67,69,55,59,56,45,33,43,44,42,29,41,32,38,37,28,36,35,22,34,31,30,27,19,26,25,24,11,23,21,20,18,17,16,4,15,13,9,14,7,5,2,12,10,8,6,0,3,1
61,87,71,95,46,53,82,40,39,92,57,91,66,79,68,64,94,58,47,86,65,89,90,62,72,77,83,81,93,76,73,49,78,85,88,60,52,74,51,48,63,70,54,75,84,80,50,67,69,55,59,56,45,33,43,44,42,29,41,32,38,37,28,36,35,22,34,31,30,27,19,26,25,24,11,23,21,20,18,17,16,4,15,13,9,14,7,5,2,12,10,8,6,0,3,1
61,87,71,95,46,53,82,40,39,92,57,91,66,79,68,96,64,94,58,47,86,65,89,90,62,72,77,83,81,93,76,73,49,78,85,88,60,52,74,51,48,63,70,54,75,84,80,50,67,69,55,59,56,45,33,43,44,42,29,41,32,38,37,28,36,35,22,34,31,30,27,19,26,25,24,11,23,21,20,18,17,16,4,15,13,9,14,7,5,2,12,10,8,6,0,3,1
61,87,71,95,46,53,82,40,39,92,57,91,66,79,68,96,64,94,58,47,97,86,65,89,90,62,72,77,83,81,93,76,73,49,78,85,88,60,52,74,51,48,63,70,54,75,84,80,50,67,69,55,59,56,45,33,43,44,42,29,41,32,38,37,28,36,35,22,34,31,30,27,19,26,25,24,11,23,21,20,18,17,16,4,15,13,9,14,7,5,2,12,10,8,6,0,3,1
61,87,71,95,46,53,82,40,39,92,57,91,66,79,68,96,64,98,94,58,47,97,86,65,89,90,62,72,77,83,81,93,76,73,49,78,85,88,60,52,74,51,48,63,70,54,75,84,80,50,67,69,55,59,56,45,33,43,44,42,29,41,32,38,37,28,36,35,22,34,31,30,27,19,26,25,24,11,23,21,20,18,17,16,4,15,13,9,14,7,5,2,12,10,8,6,0,3,1
61,87,71,95,46,53,99,82,40,39,92,57,91,66,79,68,96,64,98,94,58,47,97,86,65,89,90,62,72,77,83,81,93,76,73,49,78,85,88,60,52,74,51,48,63,70,54,75,84,80,50,67,69,55,59,56,45,33,43,44,42,29,41,32,38,37,28,36,35,22,34,31,30,27,19,26,25,24,11,23,21,20,18,17,16,4,15,13,9,14,7,5,2,12,10,8,6,0,3,1
61,87,71,95,46,53,99,82,40,39,92,57,91,66,79,68,96,64,98,94,58,47,97,86,65,89,90,62,72,77,83,81,93,76,73,49,78,85,88,60,52,74,51,48,63,70,54,75,84,80,50,67,69,55,100,59,56,45,33,43,44,42,29,41,32,38,37,28,36,35,22,34,31,30,27,19,26,25,24,11,23,21,20,18,17,16,4,15,13,9,14,7,5,2,12,10,8,6,0,3,1
61,87,71,95,46,53,99,82,40,39,92,57,91,66,79,68,96,64,98,94,58,47,97,86,65,89,90,62,72,77,83,81,93,76,73,49,78,85,88,60,52,74,51,48,63,70,54,75,101,84,80,50,67,69,55,100,59,56,45,33,43,44,42,29,41,32,38,37,28,36,35,22,34,31,30,27,19,26,25,24,11,23,21,20,18,17,16,4,15,13,9,14,7,5,2,12,10,8,6,0,3,1
61,87,71,95,46,53,99,82,40,39,92,57,91,66,79,68,96,64,98,94,58,47,97,86,65,89,90,62,72,77,83,81,93,76,102,73,49,78,85,88,60,52,74,51,48,63,70,54,75,101,84,80,50,67,69,55,100,59,56,45,33,43,44,42,29,41,32,38,37,28,36,35,22,34,31,30,27,19,26,25,24,11,23,21,20,18,17,16,4,15,13,9,14,7,5,2,12,10,8,6,0,3,1
61,87,71,95,46,53,99,82,40,39,92,57,91,66,79,68,96,64,98,94,58,47,97,86,65,89,90,62,72,77,83,81,93,76,102,73,49,78,85,88,60,52,74,51,48,103,63,70,54,75,101,84,80,50,67,69,55,100,59,56,45,33,43,44,42,29,41,32,38,37,28,36,35,22,34,31,30,27,19,26,25,24,11,23,21,20,18,17,16,4,15,13,9,14,7,5,2,12,10,8,6,0,3,1
61,87,71,95,46,53,99,82,40,39,92,57,104,91,66,79,68,96,64,98,94,58,47,97,86,65,89,90,62,72,77,83,81,93,76,102,73,49,78,85,88,60,52,74,51,48,103,63,70,54,75,101,84,80,50,67,69,55,100,59,56,45,33,43,44,42,29,41,32,38,37,28,36,35,22,34,31,30,27,19,26,25,24,11,23,21,20,18,17,16,4,15,13,9,14,7,5,2,12,10,8,6,0,3,1
61,87,71,95,46,53,99,82,40,39,92,57,104,91,66,79,68,96,64,98,94,58,47,97,86,105,65,89,90,62,72,77,83,81,93,76,102,73,49,78,85,88,60,52,74,51,48,103,63,70,54,75,101,84,80,50,67,69,55,100,59,56,45,33,43,44,42,29,41,32,38,37,28,36,35,22,34,31,30,27,19,26,25,24,11,23,21,20,18,17,16,4,15,13,9,14,7,5,2,12,10,8,6,0,3,1
61,87,71,95,46,53,99,82,40,39,92,57,104,91,66,79,68,96,64,98,94,58,47,97,86,105,65,89,90,62,72,77,83,81,93,76,102,106,73,49,78,85,88,60,52,74,51,48,103,63,70,54,75,101,84,80,50,67,69,55,100,59,56,45,33,43,44,42,29,41,32,38,37,28,36,35,22,34,31,30,27,19,26,25,24,11,23,21,20,18,17,16,4,15,13,9,14,7,5,2,12,10,8,6,0,3,1
61,87,71,95,46,53,99,82,40,39,92,57,104,91,66,79,68,96,64,98,94,58,47,107,97,86,105,65,89,90,62,72,77,83,81,93,76,102,106,73,49,78,85,88,60,52,74,51,48,103,63,70,54,75,101,84,80,50,67,69,55,100,59,56,45,33,43,44,42,29,41,32,38,37,28,36,35,22,34,31,30,27,19,26,25,24,11,23,21,20,18,17,16,4,15,13,9,14,7,5,2,12,10,8,6,0,3,1
61,87,71,95,46,53,99,82,40,39,92,108,57,104,91,66,79,68,96,64,98,94,58,47,107,97,86,105,65,89,90,62,72,77,83,81,93,76,102,106,73,49,78,85,88,60,52,74,51,48,103,63,70,54,75,101,84,80,50,67,69,55,100,59,56,45,33,43,44,42,29,41,32,38,37,28,36,35,22,34,31,30,27,19,26,25,24,11,23,21,20,18,17,16,4,15,13,9,14,7,5,2,12,10,8,6,0,3,1
61,87,71,95,46,53,99,82,40,39,92,108,57,104,91,66,79,68,96,64,98,94,58,47,107,97,86,105,65,89,90,62,72,77,83,81,93,76,102,106,73,49,78,85,88,60,52,109,74,51,48,103,63,70,54,75,101,84,80,50,67,69,55,100,59,56,45,33,43,44,42,29,41,32,38,37,28,36,35,22,34,31,30,27,19,26,25,24,11,23,21,20,18,17,16,4,15,13,9,14,7,5,2,12,10,8,6,0,3,1
61,87,71,95,46,53,99,82,40,39,92,108,57,104,91,66,79,68,96,64,98,94,58,47,107,97,86,105,65,89,90,62,72,77,83,81,110,93,76,102,106,73,49,78,85,88,60,52,109,74,51,48,103,63,70,54,75,101,84,80,50,67,69,55,100,59,56,45,33,43,44,42,29,41,32,38,37,28,36,35,22,34,31,30,27,19,26,25,24,11,23,21,20,18,17,16,4,15,13,9,14,7,5,2,12,10,8,6,0,3,1
61,87,71,95,46,53,99,82,40,39,92,108,57,104,91,66,79,68,96,64,98,94,58,47,107,97,86,105,65,89,90,62,72,77,83,81,110,93,76,102,106,73,49,78,85,88,60,52,109,74,51,48,111,103,63,70,54,75,101,84,80,50,67,69,55,100,59,56,45,33,43,44,42,29,41,32,38,37,28,36,35,22,34,31,30,27,19,26,25,24,11,23,21,20,18,17,16,4,15,13,9,14,7,5,2,12,10,8,6,0,3,1
61,87,71,95,46,53,99,82,40,39,92,108,57,104,91,66,79,68,96,64,98,94,58,47,107,97,86,105,65,89,90,62,72,77,83,81,110,93,76,102,112,106,73,49,78,85,88,60,52,109,74,51,48,111,103,63,70,54,75,101,84,80,50,67,69,55,100,59,56,45,33,43,44,42,29,41,32,38,37,28,36,35,22,34,31,30,27,19,26,25,24,11,23,21,20,18,17,16,4,15,13,9,14,7,5,2,12,10,8,6,0,3,1
61,87,71,95,46,53,99,82,40,39,92,108,113,57,104,91,66,79,68,96,64,98,94,58,47,107,97,86,105,65,89,90,62,72,77,83,81,110,93,76,102,112,106,73,49,78,85,88,60,52,109,74,51,48,111,103,63,70,54,75,101,84,80,50,67,69,55,100,59,56,45,33,43,44,42,29,41,32,38,37,28,36,35,22,34,31,30,27,19,26,25,24,11,23,21,20,18,17,16,4,15,13,9,14,7,5,2,12,10,8,6,0,3,1
61,87,71,95,46,53,99,82,40,39,92,108,113,57,104,91,66,79,68,96,64,98,94,58,47,107,97,86,105,65,89,90,62,72,77,83,81,110,93,76,102,112,106,73,49,78,85,88,60,52,109,74,51,48,111,103,63,70,54,114,75,101,84,80,50,67,69,55,100,59,56,45,33,43,44,42,29,41,32,38,37,28,36,35,22,34,31,30,27,19,26,25,24,11,23,21,20,18,17,16,4,15,13,9,14,7,5,2,12,10,8,6,0,3,1
61,87,71,95,46,53,99,82,40,39,92,108,113,57,104,91,66,79,68,96,64,98,94,58,47,107,97,86,105,65,89,90,62,72,77,83,81,115,110,93,76,102,112,106,73,49,78,85,88,60,52,109,74,51,48,111,103,63,70,54,114,75,101,84,80,50,67,69,55,100,59,56,45,33,43,44,42,29,41,32,38,37,28,36,35,22,34,31,30,27,19,26,25,24,11,23,21,20,18,17,16,4,15,13,9,14,7,5,2,12,10,8,6,0,3,1
61,87,116,71,95,46,53,99,82,40,39,92,108,113,57,104,91,66,79,68,96,64,98,94,58,47,107,97,86,105,65,89,90,62,72,77,83,81,115,110,93,76,102,112,106,73,49,78,85,88,60,52,109,74,51,48,111,103,63,70,54,114,75,101,84,80,50,67,69,55,100,59,56,45,33,43,44,42,29,41,32,38,37,28,36,35,22,34,31,30,27,19,26,25,24,11,23,21,20,18,17,16,4,15,13,9,14,7,5,2,12,10,8,6,0,3,1
61,117,87,116,71,95,46,53,99,82,40,39,92,108,113,57,104,91,66,79,68,96,64,98,94,58,47,107,97,86,105,65,89,90,62,72,77,83,81,115,110,93,76,102,112,106,73,49,78,85,88,60,52,109,74,51,48,111,103,63,70,54,114,75,101,84,80,50,67,69,55,100,59,56,45,33,43,44,42,29,41,32,38,37,28,36,35,22,34,31,30,27,19,26,25,24,11,23,21,20,18,17,16,4,15,13,9,14,7,5,2,12,10,8,6,0,3,1
61,117,87,116,71,95,46,118,53,99,82,40,39,92,108,113,57,104,91,66,79,68,96,64,98,94,58,47,107,97,86,105,65,89,90,62,72,77,83,81,115,110,93,76,102,112,106,73,49,78,85,88,60,52,109,74,51,48,111,103,63,70,54,114,75,101,84,80,50,67,69,55,100,59,56,45,33,43,44,42,29,41,32,38,37,28,36,35,22,34,31,30,27,19,26,25,24,11,23,21,20,18,17,16,4,15,13,9,14,7,5,2,12,10,8,6,0,3,1
61,117,87,116,71,95,46,118,53,99,82,40,39,92,108,113,57,104,91,66,79,68,96,64,98,94,58,47,107,97,86,105,65,89,90,62,72,77,83,81,115,110,93,76,102,112,106,73,49,78,85,88,60,52,109,74,51,48,111,103,63,70,54,114,75,101,84,80,119,50,67,69,55,100,59,56,45,33,43,44,42,29,41,32,38,37,28,36,35,22,34,31,30,27,19,26,25,24,11,23,21,20,18,17,16,4,15,13,9,14,7,5,2,12,10,8,6,0,3,1
61,117,87,116,71,95,46,118,53,99,82,40,39,92,108,113,57,104,91,66,79,68,96,64,98,94,58,47,107,120,97,86,105,65,89,90,62,72,77,83,81,115,110,93,76,102,112,106,73,49,78,85,88,60,52,109,74,51,48,111,103,63,70,54,114,75,101,84,80,119,50,67,69,55,100,59,56,45,33,43,44,42,29,41,32,38,37,28,36,35,22,34,31,30,27,19,26,25,24,11,23,21,20,18,17,16,4,15,13,9,14,7,5,2,12,10,8,6,0,3,1
61,117,87,116,71,95,46,118,53,99,82,40,39,92,108,113,57,104,91,66,79,121,68,96,64,98,94,58,47,107,120,97,86,105,65,89,90,62,72,77,83,81,115,110,93,76,102,112,106,73,49,78,85,88,60,52,109,74,51,48,111,103,63,70,54,114,75,101,84,80,119,50,67,69,55,100,59,56,45,33,43,44,42,29,41,32,38,37,28,36,35,22,34,31,30,27,19,26,25,24,11,23,21,20,18,17,16,4,15,13,9,14,7,5,2,12,10,8,6,0,3,1
61,117,87,116,71,95,46,118,53,99,82,40,39,92,108,113,57,104,91,66,79,121,68,96,64,98,94,58,47,107,120,97,86,105,65,89,90,62,72,77,83,81,115,110,93,76,102,112,106,73,122,49,78,85,88,60,52,109,74,51,48,111,103,63,70,54,114,75,101,84,80,119,50,67,69,55,100,59,56,45,33,43,44,42,29,41,32,38,37,28,36,35,22,34,31,30,27,19,26,25,24,11,23,21,20,18,17,16,4,15,13,9,14,7,5,2,12,10,8,6,0,3,1
61,117,87,116,71,95,46,118,53,99,82,40,39,92,108,113,57,104,91,66,79,121,68,96,64,98,94,58,47,107,123,120,97,86,105,65,89,90,62,72,77,83,81,115,110,93,76,102,112,106,73,122,49,78,85,88,60,52,109,74,51,48,111,103,63,70,54,114,75,101,84,80,119,50,67,69,55,100,59,56,45,33,43,44,42,29,41,32,38,37,28,36,35,22,34,31,30,27,19,26,25,24,11,23,21,20,18,17,16,4,15,13,9,14,7,5,2,12,10,8,6,0,3,1
61,117,87,116,71,95,46,118,53,99,82,40,39,92,108,113,57,104,91,66,79,121,68,96,64,98,94,58,47,107,123,120,124,97,86,105,65,89,90,62,72,77,83,81,115,110,93,76,102,112,106,73,122,49,78,85,88,60,52,109,74,51,48,111,103,63,70,54,114,75,101,84,80,119,50,67,69,55,100,59,56,45,33,43,44,42,29,41,32,38,37,28,36,35,22,34,31,30,27,19,26,25,24,11,23,21,20,18,17,16,4,15,13,9,14,7,5,2,12,10,8,6,0,3,1
61,117,87,116,71,95,46,118,53,99,82,40,39,92,108,113,57,104,91,66,79,121,68,96,64,98,94,58,47,107,123,120,124,97,86,105,65,89,90,62,72,77,83,81,115,110,93,76,102,112,106,73,122,49,78,85,88,60,52,109,74,51,48,111,103,63,70,54,114,75,101,84,80,119,50,125,67,69,55,100,59,56,45,33,43,44,42,29,41,32,38,37,28,36,35,22,34,31,30,27,19,26,25,24,11,23,21,20,18,17,16,4,15,13,9,14,7,5,2,12,10,8,6,0,3,1
61,117,87,116,71,95,46,118,53,99,82,40,39,92,108,113,57,104,91,66,79,121,68,96,64,98,94,58,47,107,123,120,124,97,86,105,65,89,90,62,72,77,83,126,81,115,110,93,76,102,112,106,73,122,49,78,85,88,60,52,109,74,51,48,111,103,63,70,54,114,75,101,84,80,119,50,125,67,69,55,100,59,56,45,33,43,44,42,29,41,32,38,37,28,36,35,22,34,31,30,27,19,26,25,24,11,23,21,20,18,17,16,4,15,13,9,14,7,5,2,12,10,8,6,0,3,1
61,117,87,116,71,95,46,118,53,99,82,40,39,92,108,113,57,104,91,66,79,121,68,96,64,98,94,58,47,107,123,120,124,97,86,105,65,89,90,62,72,77,83,126,81,115,110,93,76,102,112,106,73,122,49,78,85,88,60,52,109,74,51,48,111,127,103,63,70,54,114,75,101,84,80,119,50,125,67,69,55,100,59,56,45,33,43,44,42,29,41,32,38,37,28,36,35,22,34,31,30,27,19,26,25,24,11,23,21,20,18,17,16,4,15,13,9,14,7,5,2,12,10,8,6,0,3,1
61,117,87,116,71,95,46,118,53,99,82,40,39,92,108,113,57,104,91,66,79,121,68,96,64,98,94,58,47,107,123,120,124,97,86,105,65,89,90,62,72,77,83,126,81,115,110,93,76,128,102,112,106,73,122,49,78,85,88,60,52,109,74,51,48,111,127,103,63,70,54,114,75,101,84,80,119,50,125,67,69,55,100,59,56,45,33,43,44,42,29,41,32,38,37,28,36,35,22,34,31,30,27,19,26,25,24,11,23,21,20,18,17,16,4,15,13,9,14,7,5,2,12,10,8,6,0,3,1
61,117,87,116,71,95,46,118,53,99,82,40,39,92,108,113,57,104,91,66,79,121,68,96,64,98,94,58,47,107,123,120,124,97,86,105,65,129,89,90,62,72,77,83,126,81,115,110,93,76,128,102,112,106,73,122,49,78,85,88,60,52,109,74,51,48,111,127,103,63,70,54,114,75,101,84,80,119,50,125,67,69,55,100,59,56,45,33,43,44,42,29,41,32,38,37,28,36,35,22,34,31,30,27,19,26,25,24,11,23,21,20,18,17,16,4,15,13,9,14,7,5,2,12,10,8,6,0,3,1
61,117,87,116,71,95,46,118,53,99,82,40,39,92,108,113,57,104,91,66,79,121,68,96,64,98,94,58,47,107,123,120,124,97,86,105,65,129,89,90,62,72,77,83,126,81,115,110,93,76,128,102,112,106,73,122,49,78,130,85,88,60,52,109,74,51,48,111,127,103,63,70,54,114,75,101,84,80,119,50,125,67,69,55,100,59,56,45,33,43,44,42,29,41,32,38,37,28,36,35,22,34,31,30,27,19,26,25,24,11,23,21,20,18,17,16,4,15,13,9,14,7,5,2,12,10,8,6,0,3,1
61,117,87,116,71,95,46,118,53,99,82,40,39,92,108,113,57,104,91,66,79,121,68,96,64,98,94,58,47,107,123,120,124,97,86,105,65,129,89,90,62,72,77,83,126,131,81,115,110,93,76,128,102,112,106,73,122,49,78,130,85,88,60,52,109,74,51,48,111,127,103,63,70,54,114,75,101,84,80,119,50,125,67,69,55,100,59,56,45,33,43,44,42,29,41,32,38,37,28,36,35,22,34,31,30,27,19,26,25,24,11,23,21,20,18,17,16,4,15,13,9,14,7,5,2,12,10,8,6,0,3,1
61,117,132,87,116,71,95,46,118,53,99,82,40,39,92,108,113,57,104,91,66,79,121,68,96,64,98,94,58,47,107,123,120,124,97,86,105,65,129,89,90,62,72,77,83,126,131,81,115,110,93,76,128,102,112,106,73,122,49,78,130,85,88,60,52,109,74,51,48,111,127,103,63,70,54,114,75,101,84,80,119,50,125,67,69,55,100,59,56,45,33,43,44,42,29,41,32,38,37,28,36,35,22,34,31,30,27,19,26,25,24,11,23,21,20,18,17,16,4,15,13,9,14,7,5,2,12,10,8,6,0,3,1
61,117,132,87,116,71,95,46,118,53,99,82,40,39,92,108,113,57,104,91,66,79,121,68,96,64,98,94,58,47,107,123,120,124,97,86,105,65,129,89,90,62,72,77,83,126,131,81,115,110,93,76,128,102,112,106,73,122,49,78,130,85,88,60,52,109,74,51,48,111,127,103,63,70,54,114,75,101,84,80,119,50,125,67,69,55,100,59,133,56,45,33,43,44,42,29,41,32,38,37,28,36,35,22,34,31,30,27,19,26,25,24,11,23,21,20,18,17,16,4,15,13,9,14,7,5,2,12,10,8,6,0,3,1
61,117,132,87,116,71,95,46,118,53,99,82,40,39,92,134,108,113,57,104,91,66,79,121,68,96,64,98,94,58,47,107,123,120,124,97,86,105,65,129,89,90,62,72,77,83,126,131,81,115,110,93,76,128,102,112,106,73,122,49,78,130,85,88,60,52,109,74,51,48,111,127,103,63,70,54,114,75,101,84,80,119,50,125,67,69,55,100,59,133,56,45,33,43,44,42,29,41,32,38,37,28,36,35,22,34,31,30,27,19,26,25,24,11,23,21,20,18,17,16,4,15,13,9,14,7,5,2,12,10,8,6,0,3,1
61,117,132,87,116,71,95,46,118,53,99,82,40,39,92,134,108,113,57,104,91,66,79,121,68,96,64,98,94,58,47,107,123,120,124,97,86,105,65,129,89,90,62,72,77,135,83,126,131,81,115,110,93,76,128,102,112,106,73,122,49,78,130,85,88,60,52,109,74,51,48,111,127,103,63,70,54,114,75,101,84,80,119,50,125,67,69,55,100,59,133,56,45,33,43,44,42,29,41,32,38,37,28,36,35,22,34,31,30,27,19,26,25,24,11,23,21,20,18,17,16,4,15,13,9,14,7,5,2,12,10,8,6,0,3,1
61,117,132,87,116,71,95,46,118,53,99,82,40,39,92,134,108,113,57,136,104,91,66,79,121,68,96,64,98,94,58,47,107,123,120,124,97,86,105,65,129,89,90,62,72,77,135,83,126,131,81,115,110,93,76,128,102,112,106,73,122,49,78,130,85,88,60,52,109,74,51,48,111,127,103,63,70,54,114,75,101,84,80,119,50,125,67,69,55,100,59,133,56,45,33,43,44,42,29,41,32,38,37,28,36,35,22,34,31,30,27,19,26,25,24,11,23,21,20,18,17,16,4,15,13,9,14,7,5,2,12,10,8,6,0,3,1
61,117,132,87,116,71,95,46,118,53,99,82,40,39,92,134,108,113,57,136,104,91,66,79,121,68,96,64,98,94,58,47,107,123,120,124,97,86,105,65,129,89,90,62,72,77,135,83,126,131,81,115,110,93,76,128,102,112,106,73,122,49,78,130,85,137,88,60,52,109,74,51,48,111,127,103,63,70,54,114,75,101,84,80,119,50,125,67,69,55,100,59,133,56,45,33,43,44,42,29,41,32,38,37,28,36,35,22,34,31,30,27,19,26,25,24,11,23,21,20,18,17,16,4,15,13,9,14,7,5,2,12,10,8,6,0,3,1
61,117,132,87,116,71,95,46,118,53,99,82,40,39,92,134,108,113,57,136,104,91,66,79,121,68,96,64,98,94,58,47,107,123,120,124,97,86,105,65,129,89,90,62,72,77,135,83,126,131,81,115,110,93,76,128,102,112,138,106,73,122,49,78,130,85,137,88,60,52,109,74,51,48,111,127,103,63,70,54,114,75,101,84,80,119,50,125,67,69,55,100,59,133,56,45,33,43,44,42,29,41,32,38,37,28,36,35,22,34,31,30,27,19,26,25,24,11,23,21,20,18,17,16,4,15,13,9,14,7,5,2,12,10,8,6,0,3,1
61,117,132,87,116,71,95,46,118,139,53,99,82,40,39,92,134,108,113,57,136,104,91,66,79,121,68,96,64,98,94,58,47,107,123,120,124,97,86,105,65,129,89,90,62,72,77,135,83,126,131,81,115,110,93,76,128,102,112,138,106,73,122,49,78,130,85,137,88,60,52,109,74,51,48,111,127,103,63,70,54,114,75,101,84,80,119,50,125,67,69,55,100,59,133,56,45,33,43,44,42,29,41,32,38,37,28,36,35,22,34,31,30,27,19,26,25,24,11,23,21,20,18,17,16,4,15,13,9,14,7,5,2,12,10,8,6,0,3,1
61,117,132,87,116,71,95,46,118,139,53,99,82,40,39,92,134,108,113,57,136,104,91,66,79,121,140,68,96,64,98,94,58,47,107,123,120,124,97,86,105,65,129,89,90,62,72,77,135,83,126,131,81,115,110,93,76,128,102,112,138,106,73,122,49,78,130,85,137,88,60,52,109,74,51,48,111,127,103,63,70,54,114,75,101,84,80,119,50,125,67,69,55,100,59,133,56,45,33,43,44,42,29,41,32,38,37,28,36,35,22,34,31,30,27,19,26,25,24,11,23,21,20,18,17,16,4,15,13,9,14,7,5,2,12,10,8,6,0,3,1
61,117,141,132,87,116,71,95,46,118,139,53,99,82,40,39,92,134,108,113,57,136,104,91,66,79,121,140,68,96,64,98,94,58,47,107,123,120,124,97,86,105,65,129,89,90,62,72,77,135,83,126,131,81,115,110,93,76,128,102,112,138,106,73,122,49,78,130,85,137,88,60,52,109,74,51,48,111,127,103,63,70,54,114,75,101,84,80,119,50,125,67,69,55,100,59,133,56,45,33,43,44,42,29,41,32,38,37,28,36,35,22,34,31,30,27,19,26,25,24,11,23,21,20,18,17,16,4,15,13,9,14,7,5,2,12,10,8,6,0,3,1
61,117,141,132,87,116,71,95,46,118,139,53,99,82,40,39,92,134,108,113,57,136,104,91,66,79,121,140,68,96,64,98,94,58,47,107,123,120,124,97,86,105,65,129,89,90,62,72,77,135,83,126,142,131,81,115,110,93,76,128,102,112,138,106,73,122,49,78,130,85,137,88,60,52,109,74,51,48,111,127,103,63,70,54,114,75,101,84,80,119,50,125,67,69,55,100,59,133,56,45,33,43,44,42,29,41,32,38,37,28,36,35,22,34,31,30,27,19,26,25,24,11,23,21,20,18,17,16,4,15,13,9,14,7,5,2,12,10,8,6,0,3,1
61,117,141,132,87,116,71,95,46,118,139,53,99,82,40,39,92,134,108,113,57,136,104,91,66,79,121,140,68,96,64,143,98,94,58,47,107,123,120,124,97,86,105,65,129,89,90,62,72,77,135,83,126,142,131,81,115,110,93,76,128,102,112,138,106,73,122,49,78,130,85,137,88,60,52,109,74,51,48,111,127,103,63,70,54,114,75,101,84,80,119,50,125,67,69,55,100,59,133,56,45,33,43,44,42,29,41,32,38,37,28,36,35,22,34,31,30,27,19,26,25,24,11,23,21,20,18,17,16,4,15,13,9,14,7,5,2,12,10,8,6,0,3,1
61,117,141,132,87,116,71,95,46,118,139,53,99,82,40,39,92,134,108,113,57,136,104,91,66,79,121,140,68,96,64,143,98,94,58,47,107,123,120,124,97,86,105,65,129,89,90,62,72,77,135,83,126,142,131,81,115,110,93,76,128,102,112,138,106,73,122,49,78,130,85,137,88,60,52,109,74,51,48,111,127,103,63,70,54,114,75,101,84,80,119,50,125,67,69,55,144,100,59,133,56,45,33,43,44,42,29,41,32,38,37,28,36,35,22,34,31,30,27,19,26,25,24,11,23,21,20,18,17,16,4,15,13,9,14,7,5,2,12,10,8,6,0,3,1
61,117,141,132,87,116,71,95,46,118,139,53,99,82,40,39,92,134,108,113,57,136,104,91,66,79,121,140,68,96,64,143,98,94,58,47,107,123,120,124,145,97,86,105,65,129,89,90,62,72,77,135,83,126,142,131,81,115,110,93,76,128,102,112,138,106,73,122,49,78,130,85,137,88,60,52,109,74,51,48,111,127,103,63,70,54,114,75,101,84,80,119,50,125,67,69,55,144,100,59,133,56,45,33,43,44,42,29,41,32,38,37,28,36,35,22,34,31,30,27,19,26,25,24,11,23,21,20,18,17,16,4,15,13,9,14,7,5,2,12,10,8,6,0,3,1
61,117,141,132,87,116,71,95,46,118,139,53,146,99,82,40,39,92,134,108,113,57,136,104,91,66,79,121,140,68,96,64,143,98,94,58,47,107,123,120,124,145,97,86,105,65,129,89,90,62,72,77,135,83,126,142,131,81,115,110,93,76,128,102,112,138,106,73,122,49,78,130,85,137,88,60,52,109,74,51,48,111,127,103,63,70,54,114,75,101,84,80,119,50,125,67,69,55,144,100,59,133,56,45,33,43,44,42,29,41,32,38,37,28,36,35,22,34,31,30,27,19,26,25,24,11,23,21,20,18,17,16,4,15,13,9,14,7,5,2,12,10,8,6,0,3,1
61,117,141,132,87,116,71,95,46,118,139,53,146,99,82,40,39,92,134,108,113,57,136,104,91,66,79,121,140,68,96,64,143,98,94,58,47,107,123,120,124,145,97,86,105,65,129,89,90,62,72,77,135,83,126,142,131,81,115,110,93,76,147,128,102,112,138,106,73,122,49,78,130,85,137,88,60,52,109,74,51,48,111,127,103,63,70,54,114,75,101,84,80,119,50,125,67,69,55,144,100,59,133,56,45,33,43,44,42,29,41,32,38,37,28,36,35,22,34,31,30,27,19,26,25,24,11,23,21,20,18,17,16,4,15,13,9,14,7,5,2,12,10,8,6,0,3,1
61,117,141,132,87,116,71,95,46,118,139,53,146,99,82,40,39,92,134,108,113,57,136,104,91,66,79,121,140,68,96,64,143,98,94,58,47,107,123,120,124,145,97,86,105,65,129,89,90,62,72,77,135,83,126,142,131,81,115,110,93,76,147,128,102,112,138,106,73,122,49,78,130,85,137,88,60,52,109,74,51,48,111,127,103,63,70,54,114,75,148,101,84,80,119,50,125,67,69,55,144,100,59,133,56,45,33,43,44,42,29,41,32,38,37,28,36,35,22,34,31,30,27,19,26,25,24,11,23,21,20,18,17,16,4,15,13,9,14,7,5,2,12,10,8,6,0,3,1
61,117,141,132,87,116,71,95,46,118,139,53,146,99,82,40,39,92,134,108,113,57,136,104,91,66,149,79,121,140,68,96,64,143,98,94,58,47,107,123,120,124,145,97,86,105,65,129,89,90,62,72,77,135,83,126,142,131,81,115,110,93,76,147,128,102,112,138,106,73,122,49,78,130,85,137,88,60,52,109,74,51,48,111,127,103,63,70,54,114,75,148,101,84,80,119,50,125,67,69,55,144,100,59,133,56,45,33,43,44,42,29,41,32,38,37,28,36,35,22,34,31,30,27,19,26,25,24,11,23,21,20,18,17,16,4,15,13,9,14,7,5,2,12,10,8,6,0,3,1
61,117,141,132,87,116,71,95,46,118,139,53,146,99,82,40,39,92,134,108,113,57,136,104,91,66,149,79,121,140,68,96,150,64,143,98,94,58,47,107,123,120,124,145,97,86,105,65,129,89,90,62,72,77,135,83,126,142,131,81,115,110,93,76,147,128,102,112,138,106,73,122,49,78,130,85,137,88,60,52,109,74,51,48,111,127,103,63,70,54,114,75,148,101,84,80,119,50,125,67,69,55,144,100,59,133,56,45,33,43,44,42,29,41,32,38,37,28,36,35,22,34,31,30,27,19,26,25,24,11,23,21,20,18,17,16,4,15,13,9,14,7,5,2,12,10,8,6,0,3,1
61,117,141,132,87,116,71,95,46,118,139,53,146,99,82,40,39,92,134,108,113,57,136,104,91,66,149,79,121,140,68,96,150,64,143,98,94,58,47,107,123,120,124,151,145,97,86,105,65,129,89,90,62,72,77,135,83,126,142,131,81,115,110,93,76,147,128,102,112,138,106,73,122,49,78,130,85,137,88,60,52,109,74,51,48,111,127,103,63,70,54,114,75,148,101,84,80,119,50,125,67,69,55,144,100,59,133,56,45,33,43,44,42,29,41,32,38,37,28,36,35,22,34,31,30,27,19,26,25,24,11,23,21,20,18,17,16,4,15,13,9,14,7,5,2,12,10,8,6,0,3,1
61,117,141,132,87,116,71,95,46,118,139,53,146,99,82,40,39,92,134,108,113,57,136,104,91,66,149,79,121,140,68,96,150,64,143,98,94,58,47,107,123,152,120,124,151,145,97,86,105,65,129,89,90,62,72,77,135,83,126,142,131,81,115,110,93,76,147,128,102,112,138,106,73,122,49,78,130,85,137,88,60,52,109,74,51,48,111,127,103,63,70,54,114,75,148,101,84,80,119,50,125,67,69,55,144,100,59,133,56,45,33,43,44,42,29,41,32,38,37,28,36,35,22,34,31,30,27,19,26,25,24,11,23,21,20,18,17,16,4,15,13,9,14,7,5,2,12,10,8,6,0,3,1
61,117,141,132,87,116,71,95,46,118,139,53,146,99,82,40,39,92,134,108,113,57,136,104,91,66,149,153,79,121,140,68,96,150,64,143,98,94,58,47,107,123,152,120,124,151,145,97,86,105,65,129,89,90,62,72,77,135,83,126,142,131,81,115,110,93,76,147,128,102,112,138,106,73,122,49,78,130,85,137,88,60,52,109,74,51,48,111,127,103,63,70,54,114,75,148,101,84,80,119,50,125,67,69,55,144,100,59,133,56,45,33,43,44,42,29,41,32,38,37,28,36,35,22,34,31,30,27,19,26,25,24,11,23,21,20,18,17,16,4,15,13,9,14,7,5,2,12,10,8,6,0,3,1
61,117,141,132,87,116,71,95,46,118,139,53,146,99,82,40,39,92,134,108,113,57,136,104,91,66,149,153,79,121,140,68,96,150,64,143,98,94,58,47,107,123,152,120,124,151,145,97,86,105,65,129,89,90,62,72,77,135,83,126,142,131,154,81,115,110,93,76,147,128,102,112,138,106,73,122,49,78,130,85,137,88,60,52,109,74,51,48,111,127,103,63,70,54,114,75,148,101,84,80,119,50,125,67,69,55,144,100,59,133,56,45,33,43,44,42,29,41,32,38,37,28,36,35,22,34,31,30,27,19,26,25,24,11,23,21,20,18,17,16,4,15,13,9,14,7,5,2,12,10,8,6,0,3,1
61,155,117,141,132,87,116,71,95,46,118,139,53,146,99,82,40,39,92,134,108,113,57,136,104,91,66,149,153,79,121,140,68,96,150,64,143,98,94,58,47,107,123,152,120,124,151,145,97,86,105,65,129,89,90,62,72,77,135,83,126,142,131,154,81,115,110,93,76,147,128,102,112,138,106,73,122,49,78,130,85,137,88,60,52,109,74,51,48,111,127,103,63,70,54,114,75,148,101,84,80,119,50,125,67,69,55,144,100,59,133,56,45,33,43,44,42,29,41,32,38,37,28,36,35,22,34,31,30,27,19,26,25,24,11,23,21,20,18,17,16,4,15,13,9,14,7,5,2,12,10,8,6,0,3,1
61,155,117,141,132,87,116,71,95,46,118,139,53,146,99,82,40,39,92,134,108,113,57,136,104,91,66,149,153,79,121,140,68,96,150,64,143,98,94,58,47,107,123,152,120,124,151,145,97,86,105,65,129,89,90,62,72,77,135,83,126,142,131,154,81,156,115,110,93,76,147,128,102,112,138,106,73,122,49,78,130,85,137,88,60,52,109,74,51,48,111,127,103,63,70,54,114,75,148,101,84,80,119,50,125,67,69,55,144,100,59,133,56,45,33,43,44,42,29,41,32,38,37,28,36,35,22,34,31,30,27,19,26,25,24,11,23,21,20,18,17,16,4,15,13,9,14,7,5,2,12,10,8,6,0,3,1
61,155,117,141,132,87,116,71,95,46,118,139,53,146,99,82,40,39,92,134,108,113,57,136,104,91,66,149,153,79,121,140,68,96,150,64,143,98,94,58,47,107,123,152,120,124,151,145,97,86,105,65,129,89,90,62,72,77,135,83,126,142,131,154,81,156,115,110,93,76,147,128,102,112,138,106,73,122,49,78,130,85,137,88,60,52,157,109,74,51,48,111,127,103,63,70,54,114,75,148,101,84,80,119,50,125,67,69,55,144,100,59,133,56,45,33,43,44,42,29,41,32,38,37,28,36,35,22,34,31,30,27,19,26,25,24,11,23,21,20,18,17,16,4,15,13,9,14,7,5,2,12,10,8,6,0,3,1
61,155,117,141,132,87,116,71,95,46,118,139,53,146,99,82,40,39,92,134,108,113,57,136,104,91,66,149,153,79,121,140,68,96,150,64,143,98,94,58,47,107,123,152,120,124,151,145,97,86,105,158,65,129,89,90,62,72,77,135,83,126,142,131,154,81,156,115,110,93,76,147,128,102,112,138,106,73,122,49,78,130,85,137,88,60,52,157,109,74,51,48,111,127,103,63,70,54,114,75,148,101,84,80,119,50,125,67,69,55,144,100,59,133,56,45,33,43,44,42,29,41,32,38,37,28,36,35,22,34,31,30,27,19,26,25,24,11,23,21,20,18,17,16,4,15,13,9,14,7,5,2,12,10,8,6,0,3,1
61,155,117,141,132,87,116,71,95,46,118,139,53,146,99,82,40,39,92,134,108,113,57,136,104,91,66,149,153,79,121,140,68,96,150,64,143,98,94,58,47,107,123,152,120,124,151,145,97,86,105,158,65,129,89,90,62,72,77,135,83,126,142,131,154,81,156,115,110,93,76,147,128,102,112,138,106,73,122,49,78,130,85,137,88,60,52,159,157,109,74,51,48,111,127,103,63,70,54,114,75,148,101,84,80,119,50,125,67,69,55,144,100,59,133,56,45,33,43,44,42,29,41,32,38,37,28,36,35,22,34,31,30,27,19,26,25,24,11,23,21,20,18,17,16,4,15,13,9,14,7,5,2,12,10,8,6,0,3,1
61,155,117,141,132,87,116,71,95,46,118,139,53,146,99,82,40,39,92,134,108,113,57,136,104,91,66,149,153,79,121,140,68,96,150,64,143,98,94,58,47,107,123,152,120,124,151,145,97,86,105,158,65,129,89,90,62,72,77,135,83,126,142,131,154,81,156,115,110,93,76,147,128,102,112,138,106,73,122,49,78,130,85,137,88,60,52,159,157,109,74,51,48,111,127,103,63,70,54,114,75,160,148,101,84,80,119,50,125,67,69,55,144,100,59,133,56,45,33,43,44,42,29,41,32,38,37,28,36,35,22,34,31,30,27,19,26,25,24,11,23,21,20,18,17,16,4,15,13,9,14,7,5,2,12,10,8,6,0,3,1
61,155,117,141,132,87,116,71,95,46,118,139,53,146,99,82,40,39,92,134,108,113,57,136,104,91,66,149,153,79,121,140,68,96,150,64,143,98,94,58,47,107,123,152,120,124,151,145,97,86,105,158,65,129,89,90,62,72,77,135,83,126,142,131,154,81,156,115,110,161,93,76,147,128,102,112,138,106,73,122,49,78,130,85,137,88,60,52,159,157,109,74,51,48,111,127,103,63,70,54,114,75,160,148,101,84,80,119,50,125,67,69,55,144,100,59,133,56,45,33,43,44,42,29,41,32,38,37,28,36,35,22,34,31,30,27,19,26,25,24,11,23,21,20,18,17,16,4,15,13,9,14,7,5,2,12,10,8,6,0,3,1
61,155,117,141,132,87,116,71,95,46,118,139,53,146,99,82,40,39,92,134,108,113,57,136,104,91,66,149,153,79,121,140,68,96,150,64,143,98,94,58,47,107,162,123,152,120,124,151,145,97,86,105,158,65,129,89,90,62,72,77,135,83,126,142,131,154,81,156,115,110,161,93,76,147,128,102,112,138,106,73,122,49,78,130,85,137,88,60,52,159,157,109,74,51,48,111,127,103,63,70,54,114,75,160,148,101,84,80,119,50,125,67,69,55,144,100,59,133,56,45,33,43,44,42,29,41,32,38,37,28,36,35,22,34,31,30,27,19,26,25,24,11,23,21,20,18,17,16,4,15,13,9,14,7,5,2,12,10,8,6,0,3,1
61,155,117,141,132,87,116,71,95,46,118,139,53,146,99,82,40,39,92,134,108,113,57,136,104,91,66,149,153,79,121,140,68,96,150,64,143,98,94,58,47,107,162,123,152,120,124,151,145,163,97,86,105,158,65,129,89,90,62,72,77,135,83,126,142,131,154,81,156,115,110,161,93,76,147,128,102,112,138,106,73,122,49,78,130,85,137,88,60,52,159,157,109,74,51,48,111,127,103,63,70,54,114,75,160,148,101,84,80,119,50,125,67,69,55,144,100,59,133,56,45,33,43,44,42,29,41,32,38,37,28,36,35,22,34,31,30,27,19,26,25,24,11,23,21,20,18,17,16,4,15,13,9,14,7,5,2,12,10,8,6,0,3,1
61,155,117,141,132,87,116,71,95,46,118,139,53,146,99,82,40,39,92,134,108,113,57,136,104,91,66,149,153,79,121,140,68,96,150,64,143,98,94,58,47,107,162,123,152,120,124,151,145,163,97,86,105,158,65,129,89,90,62,72,77,135,83,126,142,131,154,81,156,115,110,161,93,76,147,128,102,112,138,106,73,122,49,164,78,130,85,137,88,60,52,159,157,109,74,51,48,111,127,103,63,70,54,114,75,160,148,101,84,80,119,50,125,67,69,55,144,100,59,133,56,45,33,43,44,42,29,41,32,38,37,28,36,35,22,34,31,30,27,19,26,25,24,11,23,21,20,18,17,16,4,15,13,9,14,7,5,2,12,10,8,6,0,3,1
61,155,117,141,132,87,116,71,95,46,118,139,53,146,99,82,40,39,92,134,108,113,57,136,104,91,66,149,153,79,121,140,68,96,150,64,143,98,94,58,47,107,162,123,152,120,124,151,145,163,97,86,105,158,65,129,89,90,62,72,77,135,83,126,142,131,154,81,156,115,110,161,93,76,147,128,102,112,138,106,73,122,49,164,78,130,85,137,88,60,52,159,157,109,165,74,51,48,111,127,103,63,70,54,114,75,160,148,101,84,80,119,50,125,67,69,55,144,100,59,133,56,45,33,43,44,42,29,41,32,38,37,28,36,35,22,34,31,30,27,19,26,25,24,11,23,21,20,18,17,16,4,15,13,9,14,7,5,2,12,10,8,6,0,3,1
61,155,117,141,132,87,166,116,71,95,46,118,139,53,146,99,82,40,39,92,134,108,113,57,136,104,91,66,149,153,79,121,140,68,96,150,64,143,98,94,58,47,107,162,123,152,120,124,151,145,163,97,86,105,158,65,129,89,90,62,72,77,135,83,126,142,131,154,81,156,115,110,161,93,76,147,128,102,112,138,106,73,122,49,164,78,130,85,137,88,60,52,159,157,109,165,74,51,48,111,127,103,63,70,54,114,75,160,148,101,84,80,119,50,125,67,69,55,144,100,59,133,56,45,33,43,44,42,29,41,32,38,37,28,36,35,22,34,31,30,27,19,26,25,24,11,23,21,20,18,17,16,4,15,13,9,14,7,5,2,12,10,8,6,0,3,1
61,155,117,141,132,87,166,116,71,95,46,118,139,53,146,99,82,40,39,92,134,108,113,57,136,104,91,66,149,153,79,121,140,68,96,150,64,143,98,167,94,58,47,107,162,123,152,120,124,151,145,163,97,86,105,158,65,129,89,90,62,72,77,135,83,126,142,131,154,81,156,115,110,161,93,76,147,128,102,112,138,106,73,122,49,164,78,130,85,137,88,60,52,159,157,109,165,74,51,48,111,127,103,63,70,54,114,75,160,148,101,84,80,119,50,125,67,69,55,144,100,59,133,56,45,33,43,44,42,29,41,32,38,37,28,36,35,22,34,31,30,27,19,26,25,24,11,23,21,20,18,17,16,4,15,13,9,14,7,5,2,12,10,8,6,0,3,1
61,155,117,141,132,87,166,116,71,95,46,118,139,53,146,99,82,40,39,92,134,108,113,57,136,104,91,66,149,153,79,121,140,68,96,150,64,143,98,167,94,58,47,107,162,123,152,120,124,151,145,163,97,86,105,158,65,129,89,90,62,72,77,135,83,126,142,131,154,81,156,115,110,161,93,76,147,128,102,112,138,106,73,122,49,164,78,130,85,137,168,88,60,52,159,157,109,165,74,51,48,111,127,103,63,70,54,114,75,160,148,101,84,80,119,50,125,67,69,55,144,100,59,133,56,45,33,43,44,42,29,41,32,38,37,28,36,35,22,34,31,30,27,19,26,25,24,11,23,21,20,18,17,16,4,15,13,9,14,7,5,2,12,10,8,6,0,3,1
61,155,117,141,132,87,166,116,71,95,46,118,139,53,146,99,82,40,39,92,134,108,113,57,136,104,91,66,149,153,79,121,140,68,96,150,64,143,98,167,94,58,47,107,162,123,152,169,120,124,151,145,163,97,86,105,158,65,129,89,90,62,72,77,135,83,126,142,131,154,81,156,115,110,161,93,76,147,128,102,112,138,106,73,122,49,164,78,130,85,137,168,88,60,52,159,157,109,165,74,51,48,111,127,103,63,70,54,114,75,160,148,101,84,80,119,50,125,67,69,55,144,100,59,133,56,45,33,43,44,42,29,41,32,38,37,28,36,35,22,34,31,30,27,19,26,25,24,11,23,21,20,18,17,16,4,15,13,9,14,7,5,2,12,10,8,6,0,3,1
61,155,117,141,132,87,166,116,71,95,46,118,139,53,146,99,82,40,39,92,134,108,113,57,136,104,91,66,149,153,79,121,140,68,96,150,64,143,98,167,94,58,47,107,162,123,152,169,120,124,151,145,163,170,97,86,105,158,65,129,89,90,62,72,77,135,83,126,142,131,154,81,156,115,110,161,93,76,147,128,102,112,138,106,73,122,49,164,78,130,85,137,168,88,60,52,159,157,109,165,74,51,48,111,127,103,63,70,54,114,75,160,148,101,84,80,119,50,125,67,69,55,144,100,59,133,56,45,33,43,44,42,29,41,32,38,37,28,36,35,22,34,31,30,27,19,26,25,24,11,23,21,20,18,17,16,4,15,13,9,14,7,5,2,12,10,8,6,0,3,1
61,155,117,141,132,87,171,166,116,71,95,46,118,139,53,146,99,82,40,39,92,134,108,113,57,136,104,91,66,149,153,79,121,140,68,96,150,64,143,98,167,94,58,47,107,162,123,152,169,120,124,151,145,163,170,97,86,105,158,65,129,89,90,62,72,77,135,83,126,142,131,154,81,156,115,110,161,93,76,147,128,102,112,138,106,73,122,49,164,78,130,85,137,168,88,60,52,159,157,109,165,74,51,48,111,127,103,63,70,54,114,75,160,148,101,84,80,119,50,125,67,69,55,144,100,59,133,56,45,33,43,44,42,29,41,32,38,37,28,36,35,22,34,31,30,27,19,26,25,24,11,23,21,20,18,17,16,4,15,13,9,14,7,5,2,12,10,8,6,0,3,1
61,155,117,141,132,87,171,166,116,71,95,46,118,139,53,146,99,82,40,39,92,134,108,113,57,136,104,91,66,149,153,79,121,140,68,96,150,64,143,98,167,94,58,47,107,162,123,152,169,120,124,151,145,163,170,97,86,105,158,65,129,89,90,62,72,77,135,83,126,142,131,154,81,156,115,110,161,172,93,76,147,128,102,112,138,106,73,122,49,164,78,130,85,137,168,88,60,52,159,157,109,165,74,51,48,111,127,103,63,70,54,114,75,160,148,101,84,80,119,50,125,67,69,55,144,100,59,133,56,45,33,43,44,42,29,41,32,38,37,28,36,35,22,34,31,30,27,19,26,25,24,11,23,21,20,18,17,16,4,15,13,9,14,7,5,2,12,10,8,6,0,3,1
61,155,117,141,132,87,171,166,116,71,95,46,118,139,53,146,99,82,40,39,92,134,108,113,57,136,104,91,66,149,153,79,121,140,68,96,150,64,143,98,167,94,58,47,107,162,123,152,169,120,124,173,151,145,163,170,97,86,105,158,65,129,89,90,62,72,77,135,83,126,142,131,154,81,156,115,110,161,172,93,76,147,128,102,112,138,106,73,122,49,164,78,130,85,137,168,88,60,52,159,157,109,165,74,51,48,111,127,103,63,70,54,114,75,160,148,101,84,80,119,50,125,67,69,55,144,100,59,133,56,45,33,43,44,42,29,41,32,38,37,28,36,35,22,34,31,30,27,19,26,25,24,11,23,21,20,18,17,16,4,15,13,9,14,7,5,2,12,10,8,6,0,3,1
61,155,117,141,132,87,171,174,166,116,71,95,46,118,139,53,146,99,82,40,39,92,134,108,113,57,136,104,91,66,149,153,79,121,140,68,96,150,64,143,98,167,94,58,47,107,162,123,152,169,120,124,173,151,145,163,170,97,86,105,158,65,129,89,90,62,72,77,135,83,126,142,131,154,81,156,115,110,161,172,93,76,147,128,102,112,138,106,73,122,49,164,78,130,85,137,168,88,60,52,159,157,109,165,74,51,48,111,127,103,63,70,54,114,75,160,148,101,84,80,119,50,125,67,69,55,144,100,59,133,56,45,33,43,44,42,29,41,32,38,37,28,36,35,22,34,31,30,27,19,26,25,24,11,23,21,20,18,17,16,4,15,13,9,14,7,5,2,12,10,8,6,0,3,1
61,155,117,141,132,87,171,174,166,116,71,95,46,118,139,53,146,99,82,40,39,92,134,108,113,57,136,104,91,66,149,153,79,121,140,68,96,150,64,143,98,167,94,58,47,107,162,123,152,169,120,124,173,151,145,163,170,97,86,105,158,65,129,89,90,62,72,77,135,83,175,126,142,131,154,81,156,115,110,161,172,93,76,147,128,102,112,138,106,73,122,49,164,78,130,85,137,168,88,60,52,159,157,109,165,74,51,48,111,127,103,63,70,54,114,75,160,148,101,84,80,119,50,125,67,69,55,144,100,59,133,56,45,33,43,44,42,29,41,32,38,37,28,36,35,22,34,31,30,27,19,26,25,24,11,23,21,20,18,17,16,4,15,13,9,14,7,5,2,12,10,8,6,0,3,1
61,155,117,141,132,87,171,174,166,116,71,95,46,176,118,139,53,146,99,82,40,39,92,134,108,113,57,136,104,91,66,149,153,79,121,140,68,96,150,64,143,98,167,94,58,47,107,162,123,152,169,120,124,173,151,145,163,170,97,86,105,158,65,129,89,90,62,72,77,135,83,175,126,142,131,154,81,156,115,110,161,172,93,76,147,128,102,112,138,106,73,122,49,164,78,130,85,137,168,88,60,52,159,157,109,165,74,51,48,111,127,103,63,70,54,114,75,160,148,101,84,80,119,50,125,67,69,55,144,100,59,133,56,45,33,43,44,42,29,41,32,38,37,28,36,35,22,34,31,30,27,19,26,25,24,11,23,21,20,18,17,16,4,15,13,9,14,7,5,2,12,10,8,6,0,3,1
61,155,117,141,132,87,171,174,166,116,71,95,46,176,118,139,53,146,99,82,40,39,92,134,108,113,57,136,104,91,66,149,153,79,121,140,68,96,150,64,143,98,167,94,58,47,107,162,123,152,169,120,124,173,151,145,163,170,97,86,105,158,65,129,89,90,62,72,77,135,83,175,126,142,131,154,81,156,115,110,161,172,93,76,147,128,102,112,138,106,73,122,49,164,78,130,85,137,168,88,177,60,52,159,157,109,165,74,51,48,111,127,103,63,70,54,114,75,160,148,101,84,80,119,50,125,67,69,55,144,100,59,133,56,45,33,43,44,42,29,41,32,38,37,28,36,35,22,34,31,30,27,19,26,25,24,11,23,21,20,18,17,16,4,15,13,9,14,7,5,2,12,10,8,6,0,3,1
61,155,117,141,132,87,171,174,166,116,71,95,46,176,118,139,53,146,99,82,40,39,92,134,108,113,57,136,104,91,66,149,153,79,121,140,68,96,150,64,143,98,167,178,94,58,47,107,162,123,152,169,120,124,173,151,145,163,170,97,86,105,158,65,129,89,90,62,72,77,135,83,175,126,142,131,154,81,156,115,110,161,172,93,76,147,128,102,112,138,106,73,122,49,164,78,130,85,137,168,88,177,60,52,159,157,109,165,74,51,48,111,127,103,63,70,54,114,75,160,148,101,84,80,119,50,125,67,69,55,144,100,59,133,56,45,33,43,44,42,29,41,32,38,37,28,36,35,22,34,31,30,27,19,26,25,24,11,23,21,20,18,17,16,4,15,13,9,14,7,5,2,12,10,8,6,0,3,1
61,155,117,141,132,87,171,174,166,116,71,95,46,176,118,139,53,146,99,82,40,39,92,134,108,113,57,136,104,91,66,149,153,79,121,140,68,96,150,64,143,98,167,178,94,58,47,107,162,123,152,169,120,124,173,151,145,163,170,97,86,105,158,65,129,89,90,62,72,77,135,83,175,126,142,131,154,81,156,115,110,161,172,179,93,76,147,128,102,112,138,106,73,122,49,164,78,130,85,137,168,88,177,60,52,159,157,109,165,74,51,48,111,127,103,63,70,54,114,75,160,148,101,84,80,119,50,125,67,69,55,144,100,59,133,56,45,33,43,44,42,29,41,32,38,37,28,36,35,22,34,31,30,27,19,26,25,24,11,23,21,20,18,17,16,4,15,13,9,14,7,5,2,12,10,8,6,0,3,1
61,155,117,141,132,87,171,174,166,116,71,95,46,176,118,139,53,146,99,82,40,39,92,134,108,113,57,136,104,91,66,149,153,79,121,140,68,96,150,64,143,98,167,178,94,58,47,107,162,123,152,169,120,124,173,151,145,163,170,97,86,105,158,65,129,89,90,62,72,77,135,83,175,126,142,131,154,81,156,115,110,161,172,179,93,76,147,128,102,112,138,106,73,122,49,164,78,130,85,180,137,168,88,177,60,52,159,157,109,165,74,51,48,111,127,103,63,70,54,114,75,160,148,101,84,80,119,50,125,67,69,55,144,100,59,133,56,45,33,43,44,42,29,41,32,38,37,28,36,35,22,34,31,30,27,19,26,25,24,11,23,21,20,18,17,16,4,15,13,9,14,7,5,2,12,10,8,6,0,3,1
61,155,117,141,132,87,171,174,166,116,71,95,46,176,118,139,53,146,99,82,40,39,92,134,181,108,113,57,136,104,91,66,149,153,79,121,140,68,96,150,64,143,98,167,178,94,58,47,107,162,123,152,169,120,124,173,151,145,163,170,97,86,105,158,65,129,89,90,62,72,77,135,83,175,126,142,131,154,81,156,115,110,161,172,179,93,76,147,128,102,112,138,106,73,122,49,164,78,130,85,180,137,168,88,177,60,52,159,157,109,165,74,51,48,111,127,103,63,70,54,114,75,160,148,101,84,80,119,50,125,67,69,55,144,100,59,133,56,45,33,43,44,42,29,41,32,38,37,28,36,35,22,34,31,30,27,19,26,25,24,11,23,21,20,18,17,16,4,15,13,9,14,7,5,2,12,10,8,6,0,3,1
61,155,117,141,132,87,171,174,166,116,71,95,46,176,118,139,53,146,99,182,82,40,39,92,134,181,108,113,57,136,104,91,66,149,153,79,121,140,68,96,150,64,143,98,167,178,94,58,47,107,162,123,152,169,120,124,173,151,145,163,170,97,86,105,158,65,129,89,90,62,72,77,135,83,175,126,142,131,154,81,156,115,110,161,172,179,93,76,147,128,102,112,138,106,73,122,49,164,78,130,85,180,137,168,88,177,60,52,159,157,109,165,74,51,48,111,127,103,63,70,54,114,75,160,148,101,84,80,119,50,125,67,69,55,144,100,59,133,56,45,33,43,44,42,29,41,32,38,37,28,36,35,22,34,31,30,27,19,26,25,24,11,23,21,20,18,17,16,4,15,13,9,14,7,5,2,12,10,8,6,0,3,1
61,155,117,141,132,87,171,174,166,116,183,71,95,46,176,118,139,53,146,99,182,82,40,39,92,134,181,108,113,57,136,104,91,66,149,153,79,121,140,68,96,150,64,143,98,167,178,94,58,47,107,162,123,152,169,120,124,173,151,145,163,170,97,86,105,158,65,129,89,90,62,72,77,135,83,175,126,142,131,154,81,156,115,110,161,172,179,93,76,147,128,102,112,138,106,73,122,49,164,78,130,85,180,137,168,88,177,60,52,159,157,109,165,74,51,48,111,127,103,63,70,54,114,75,160,148,101,84,80,119,50,125,67,69,55,144,100,59,133,56,45,33,43,44,42,29,41,32,38,37,28,36,35,22,34,31,30,27,19,26,25,24,11,23,21,20,18,17,16,4,15,13,9,14,7,5,2,12,10,8,6,0,3,1
61,155,117,141,132,87,171,174,166,116,183,71,95,46,176,118,139,53,146,99,182,82,40,39,92,134,181,108,113,57,136,104,91,66,149,153,79,121,140,68,96,150,64,143,98,167,178,94,58,47,107,162,123,152,169,120,124,173,151,145,163,170,97,86,105,158,65,129,89,90,62,72,77,135,83,175,126,142,131,154,81,156,115,110,161,172,179,93,76,147,128,102,112,138,106,73,122,49,164,78,130,85,180,137,168,88,177,60,52,159,157,109,165,74,51,48,111,127,103,63,70,54,114,75,184,160,148,101,84,80,119,50,125,67,69,55,144,100,59,133,56,45,33,43,44,42,29,41,32,38,37,28,36,35,22,34,31,30,27,19,26,25,24,11,23,21,20,18,17,16,4,15,13,9,14,7,5,2,12,10,8,6,0,3,1
61,155,117,141,132,87,171,174,166,116,183,71,95,46,176,118,139,53,146,99,185,182,82,40,39,92,134,181,108,113,57,136,104,91,66,149,153,79,121,140,68,96,150,64,143,98,167,178,94,58,47,107,162,123,152,169,120,124,173,151,145,163,170,97,86,105,158,65,129,89,90,62,72,77,135,83,175,126,142,131,154,81,156,115,110,161,172,179,93,76,147,128,102,112,138,106,73,122,49,164,78,130,85,180,137,168,88,177,60,52,159,157,109,165,74,51,48,111,127,103,63,70,54,114,75,184,160,148,101,84,80,119,50,125,67,69,55,144,100,59,133,56,45,33,43,44,42,29,41,32,38,37,28,36,35,22,34,31,30,27,19,26,25,24,11,23,21,20,18,17,16,4,15,13,9,14,7,5,2,12,10,8,6,0,3,1
61,155,117,141,132,87,171,174,166,116,183,71,95,46,176,118,139,53,146,99,185,182,82,40,39,92,134,181,108,113,57,136,104,91,66,149,153,79,121,140,68,96,150,64,143,98,167,178,94,58,47,107,162,123,152,169,120,124,173,151,145,163,170,97,86,186,105,158,65,129,89,90,62,72,77,135,83,175,126,142,131,154,81,156,115,110,161,172,179,93,76,147,128,102,112,138,106,73,122,49,164,78,130,85,180,137,168,88,177,60,52,159,157,109,165,74,51,48,111,127,103,63,70,54,114,75,184,160,148,101,84,80,119,50,125,67,69,55,144,100,59,133,56,45,33,43,44,42,29,41,32,38,37,28,36,35,22,34,31,30,27,19,26,25,24,11,23,21,20,18,17,16,4,15,13,9,14,7,5,2,12,10,8,6,0,3,1
61,155,117,141,132,87,171,174,166,116,183,71,95,46,176,118,139,53,146,99,185,182,82,40,39,92,134,181,108,113,57,136,104,91,66,149,153,79,121,140,68,96,150,64,143,98,167,178,94,58,47,107,162,123,152,187,169,120,124,173,151,145,163,170,97,86,186,105,158,65,129,89,90,62,72,77,135,83,175,126,142,131,154,81,156,115,110,161,172,179,93,76,147,128,102,112,138,106,73,122,49,164,78,130,85,180,137,168,88,177,60,52,159,157,109,165,74,51,48,111,127,103,63,70,54,114,75,184,160,148,101,84,80,119,50,125,67,69,55,144,100,59,133,56,45,33,43,44,42,29,41,32,38,37,28,36,35,22,34,31,30,27,19,26,25,24,11,23,21,20,18,17,16,4,15,13,9,14,7,5,2,12,10,8,6,0,3,1
61,155,117,141,132,87,171,174,166,116,183,71,95,46,176,118,139,53,146,99,185,182,82,40,39,92,134,181,108,113,57,136,104,91,66,149,153,79,121,140,68,96,150,64,143,98,167,178,94,58,47,107,162,123,152,187,169,120,124,173,151,145,163,170,97,86,186,105,158,65,129,89,90,62,72,77,135,83,175,126,142,131,154,81,156,115,110,161,172,179,93,76,147,128,102,112,138,106,73,122,49,164,78,130,85,180,137,168,88,177,60,188,52,159,157,109,165,74,51,48,111,127,103,63,70,54,114,75,184,160,148,101,84,80,119,50,125,67,69,55,144,100,59,133,56,45,33,43,44,42,29,41,32,38,37,28,36,35,22,34,31,30,27,19,26,25,24,11,23,21,20,18,17,16,4,15,13,9,14,7,5,2,12,10,8,6,0,3,1
61,155,117,141,132,87,171,174,166,116,183,71,95,46,176,118,139,53,146,99,185,182,82,40,39,92,134,181,108,113,57,136,104,91,66,149,153,79,121,140,68,96,150,64,143,98,167,178,94,58,47,107,162,123,152,187,169,120,124,173,151,145,163,170,97,86,186,105,158,65,129,89,90,62,189,72,77,135,83,175,126,142,131,154,81,156,115,110,161,172,179,93,76,147,128,102,112,138,106,73,122,49,164,78,130,85,180,137,168,88,177,60,188,52,159,157,109,165,74,51,48,111,127,103,63,70,54,114,75,184,160,148,101,84,80,119,50,125,67,69,55,144,100,59,133,56,45,33,43,44,42,29,41,32,38,37,28,36,35,22,34,31,30,27,19,26,25,24,11,23,21,20,18,17,16,4,15,13,9,14,7,5,2,12,10,8,6,0,3,1
61,155,117,141,132,87,171,174,166,116,183,71,95,46,176,118,139,53,146,99,185,182,82,40,39,92,134,181,108,113,57,136,104,91,66,190,149,153,79,121,140,68,96,150,64,143,98,167,178,94,58,47,107,162,123,152,187,169,120,124,173,151,145,163,170,97,86,186,105,158,65,129,89,90,62,189,72,77,135,83,175,126,142,131,154,81,156,115,110,161,172,179,93,76,147,128,102,112,138,106,73,122,49,164,78,130,85,180,137,168,88,177,60,188,52,159,157,109,165,74,51,48,111,127,103,63,70,54,114,75,184,160,148,101,84,80,119,50,125,67,69,55,144,100,59,133,56,45,33,43,44,42,29,41,32,38,37,28,36,35,22,34,31,30,27,19,26,25,24,11,23,21,20,18,17,16,4,15,13,9,14,7,5,2,12,10,8,6,0,3,1
61,155,117,141,132,87,171,174,166,116,183,71,95,46,176,118,139,53,146,99,185,182,82,40,39,92,134,181,108,113,57,191,136,104,91,66,190,149,153,79,121,140,68,96,150,64,143,98,167,178,94,58,47,107,162,123,152,187,169,120,124,173,151,145,163,170,97,86,186,105,158,65,129,89,90,62,189,72,77,135,83,175,126,142,131,154,81,156,115,110,161,172,179,93,76,147,128,102,112,138,106,73,122,49,164,78,130,85,180,137,168,88,177,60,188,52,159,157,109,165,74,51,48,111,127,103,63,70,54,114,75,184,160,148,101,84,80,119,50,125,67,69,55,144,100,59,133,56,45,33,43,44,42,29,41,32,38,37,28,36,35,22,34,31,30,27,19,26,25,24,11,23,21,20,18,17,16,4,15,13,9,14,7,5,2,12,10,8,6,0,3,1
61,155,117,141,132,87,171,174,166,116,183,71,95,46,176,118,139,53,146,99,185,182,82,40,39,92,134,181,108,113,57,191,136,104,91,66,190,149,153,79,121,140,68,96,150,64,192,143,98,167,178,94,58,47,107,162,123,152,187,169,120,124,173,151,145,163,170,97,86,186,105,158,65,129,89,90,62,189,72,77,135,83,175,126,142,131,154,81,156,115,110,161,172,179,93,76,147,128,102,112,138,106,73,122,49,164,78,130,85,180,137,168,88,177,60,188,52,159,157,109,165,74,51,48,111,127,103,63,70,54,114,75,184,160,148,101,84,80,119,50,125,67,69,55,144,100,59,133,56,45,33,43,44,42,29,41,32,38,37,28,36,35,22,34,31,30,27,19,26,25,24,11,23,21,20,18,17,16,4,15,13,9,14,7,5,2,12,10,8,6,0,3,1
61,155,117,141,132,87,171,174,166,116,183,71,95,46,176,118,139,53,146,99,185,182,82,40,39,92,134,181,108,113,57,191,136,104,91,66,190,149,153,79,121,140,68,96,150,64,192,143,98,167,178,94,193,58,47,107,162,123,152,187,169,120,124,173,151,145,163,170,97,86,186,105,158,65,129,89,90,62,189,72,77,135,83,175,126,142,131,154,81,156,115,110,161,172,179,93,76,147,128,102,112,138,106,73,122,49,164,78,130,85,180,137,168,88,177,60,188,52,159,157,109,165,74,51,48,111,127,103,63,70,54,114,75,184,160,148,101,84,80,119,50,125,67,69,55,144,100,59,133,56,45,33,43,44,42,29,41,32,38,37,28,36,35,22,34,31,30,27,19,26,25,24,11,23,21,20,18,17,16,4,15,13,9,14,7,5,2,12,10,8,6,0,3,1
61,155,117,141,132,87,171,174,166,116,183,71,95,46,176,118,139,53,146,99,185,182,82,40,39,92,134,181,108,113,57,191,136,104,91,66,190,149,153,194,79,121,140,68,96,150,64,192,143,98,167,178,94,193,58,47,107,162,123,152,187,169,120,124,173,151,145,163,170,97,86,186,105,158,65,129,89,90,62,189,72,77,135,83,175,126,142,131,154,81,156,115,110,161,172,179,93,76,147,128,102,112,138,106,73,122,49,164,78,130,85,180,137,168,88,177,60,188,52,159,157,109,165,74,51,48,111,127,103,63,70,54,114,75,184,160,148,101,84,80,119,50,125,67,69,55,144,100,59,133,56,45,33,43,44,42,29,41,32,38,37,28,36,35,22,34,31,30,27,19,26,25,24,11,23,21,20,18,17,16,4,15,13,9,14,7,5,2,12,10,8,6,0,3,1
61,155,117,141,132,87,171,174,166,116,183,71,95,46,176,118,139,53,146,99,185,182,82,40,39,92,134,181,108,113,57,191,136,104,91,66,190,149,153,194,79,121,140,68,96,150,64,192,143,98,167,178,94,193,58,47,107,162,123,152,187,169,120,124,173,151,145,163,170,97,86,186,105,158,65,129,89,90,62,189,72,77,135,83,175,126,142,131,154,81,156,115,110,161,172,179,93,76,147,128,102,112,138,106,73,122,49,164,78,130,85,180,137,168,88,177,60,188,52,159,157,109,165,74,51,48,111,127,103,63,70,54,114,195,75,184,160,148,101,84,80,119,50,125,67,69,55,144,100,59,133,56,45,33,43,44,42,29,41,32,38,37,28,36,35,22,34,31,30,27,19,26,25,24,11,23,21,20,18,17,16,4,15,13,9,14,7,5,2,12,10,8,6,0,3,1
61,155,117,141,132,87,171,174,166,116,183,71,95,46,176,118,139,53,146,99,185,182,82,40,39,92,134,181,108,113,57,191,136,104,91,66,190,149,153,194,79,121,140,68,96,150,64,192,143,98,167,178,94,193,58,47,107,162,123,152,187,169,120,124,173,151,145,163,170,97,86,196,186,105,158,65,129,89,90,62,189,72,77,135,83,175,126,142,131,154,81,156,115,110,161,172,179,93,76,147,128,102,112,138,106,73,122,49,164,78,130,85,180,137,168,88,177,60,188,52,159,157,109,165,74,51,48,111,127,103,63,70,54,114,195,75,184,160,148,101,84,80,119,50,125,67,69,55,144,100,59,133,56,45,33,43,44,42,29,41,32,38,37,28,36,35,22,34,31,30,27,19,26,25,24,11,23,21,20,18,17,16,4,15,13,9,14,7,5,2,12,10,8,6,0,3,1
61,155,117,141,132,87,171,174,166,116,183,71,95,46,176,118,139,53,146,99,185,182,82,40,39,92,134,181,108,113,57,191,136,104,91,66,190,149,153,194,79,121,140,68,197,96,150,64,192,143,98,167,178,94,193,58,47,107,162,123,152,187,169,120,124,173,151,145,163,170,97,86,196,186,105,158,65,129,89,90,62,189,72,77,135,83,175,126,142,131,154,81,156,115,110,161,172,179,93,76,147,128,102,112,138,106,73,122,49,164,78,130,85,180,137,168,88,177,60,188,52,159,157,109,165,74,51,48,111,127,103,63,70,54,114,195,75,184,160,148,101,84,80,119,50,125,67,69,55,144,100,59,133,56,45,33,43,44,42,29,41,32,38,37,28,36,35,22,34,31,30,27,19,26,25,24,11,23,21,20,18,17,16,4,15,13,9,14,7,5,2,12,10,8,6,0,3,1
