1,0,2,3,4,5,7,6,8,9,10
1,0,2,3,4,5,7,6,8,9,11,10
1,0,2,3,4,5,7,6,8,9,11,10,12
1,0,2,3,4,5,7,6,13,8,9,11,10,12
1,0,2,3,4,5,7,6,13,8,9,11,10,12,14
1,0,2,3,4,5,7,6,13,8,9,11,10,12,14,15
1,0,2,3,4,5,7,6,13,8,9,11,10,12,14,15,16
1,0,2,3,4,5,7,6,13,8,9,11,10,12,14,15,16,17
1,0,2,3,4,5,7,6,13,8,9,11,10,12,14,15,16,17,18
1,0,2,3,4,5,7,6,13,8,9,11,10,12,19,14,15,16,17,18
1,0,2,3,4,5,7,20,6,13,8,9,11,10,12,19,14,15,16,17,18
1,0,2,3,4,5,7,20,6,13,8,9,11,10,12,19,14,21,15,16,17,18
1,0,2,3,4,5,7,20,6,13,8,9,11,10,12,19,14,21,15,16,17,18,22
1,0,2,3,4,5,7,20,6,23,13,8,9,11,10,12,19,14,21,15,16,17,18,22
1,0,2,3,4,5,7,20,6,23,13,8,9,11,10,12,19,24,14,21,15,16,17,18,22
1,0,2,3,4,5,7,20,6,23,13,8,25,9,11,10,12,19,24,14,21,15,16,17,18,22
1,0,2,3,4,5,7,20,6,23,13,8,25,9,11,10,12,19,26,24,14,21,15,16,17,18,22
1,0,2,3,4,5,7,20,6,23,13,8,27,25,9,11,10,12,19,26,24,14,21,15,16,17,18,22
1,0,2,3,4,5,7,20,6,23,13,8,27,25,9,11,10,12,19,28,26,24,14,21,15,16,17,18,22
1,0,2,3,4,5,7,20,6,23,13,8,27,25,9,11,10,12,19,28,26,24,14,21,29,15,16,17,18,22
1,0,2,3,4,5,7,20,6,23,13,8,27,25,9,11,10,12,19,28,26,24,14,21,29,30,15,16,17,18,22
1,0,2,3,4,5,7,20,6,23,13,8,31,27,25,9,11,10,12,19,28,26,24,14,21,29,30,15,16,17,18,22
1,0,2,3,4,5,7,20,6,23,13,8,31,27,25,9,11,10,12,19,28,32,26,24,14,21,29,30,15,16,17,18,22
1,0,2,3,4,5,7,20,6,23,13,8,31,27,25,9,11,10,12,19,28,32,26,24,14,21,29,30,33,15,16,17,18,22
1,0,2,3,4,5,7,20,6,23,13,8,31,27,25,9,11,10,12,34,19,28,32,26,24,14,21,29,30,33,15,16,17,18,22
1,0,2,3,4,5,7,20,6,23,13,8,31,27,25,9,11,10,12,34,19,28,32,26,24,14,21,29,35,30,33,15,16,17,18,22
1,0,2,3,4,5,7,20,6,23,13,8,31,27,25,9,11,10,12,34,19,28,32,26,24,14,21,29,35,30,33,15,16,36,17,18,22
1,0,2,3,4,5,7,20,6,23,13,8,31,27,25,9,11,10,12,34,19,28,32,26,24,14,21,29,35,30,33,15,37,16,36,17,18,22
1,0,2,3,4,5,7,20,6,23,13,8,31,27,25,38,9,11,10,12,34,19,28,32,26,24,14,21,29,35,30,33,15,37,16,36,17,18,22
1,0,2,3,4,5,7,20,6,23,13,8,31,27,25,38,9,11,10,12,34,19,28,32,26,24,39,14,21,29,35,30,33,15,37,16,36,17,18,22
1,0,2,3,4,5,7,20,6,23,13,8,31,27,25,38,9,11,10,12,34,19,28,32,26,24,39,14,21,29,35,30,33,15,37,16,36,40,17,18,22
1,0,2,3,4,5,7,20,6,23,13,8,31,27,25,38,9,11,10,12,34,19,28,32,26,24,39,14,21,29,35,30,33,15,37,16,36,40,17,41,18,22
1,0,2,3,4,5,7,20,6,23,13,8,31,27,25,38,9,11,10,42,12,34,19,28,32,26,24,39,14,21,29,35,30,33,15,37,16,36,40,17,41,18,22
1,0,2,3,4,5,7,20,6,23,13,8,31,27,25,38,9,11,10,42,12,34,19,28,32,26,24,39,14,21,43,29,35,30,33,15,37,16,36,40,17,41,18,22
1,0,2,3,4,5,7,20,6,23,13,8,31,27,25,38,9,11,10,42,12,34,19,28,32,26,24,39,14,21,43,29,35,30,33,15,37,16,36,40,17,41,18,44,22
1,0,2,3,4,5,7,20,6,23,13,8,31,27,25,38,9,11,10,42,12,34,19,28,32,26,24,39,14,21,43,29,35,30,33,15,37,16,36,40,17,41,45,18,44,22
1,0,2,3,4,5,7,20,6,23,13,8,31,27,25,38,9,11,10,42,12,34,19,28,32,26,24,39,14,21,43,29,35,30,33,15,37,16,36,40,17,41,45,18,44,22,46
1,0,2,3,4,5,7,20,6,23,13,8,31,27,25,38,9,11,10,42,12,34,19,28,32,26,24,39,14,21,43,29,35,30,33,15,37,16,36,40,17,41,45,18,44,22,47,46
1,0,2,3,4,5,7,20,6,23,13,8,31,27,25,48,38,9,11,10,42,12,34,19,28,32,26,24,39,14,21,43,29,35,30,33,15,37,16,36,40,17,41,45,18,44,22,47,46
1,0,2,3,4,5,7,20,6,23,13,8,31,27,25,48,38,9,11,10,42,12,34,19,28,32,26,49,24,39,14,21,43,29,35,30,33,15,37,16,36,40,17,41,45,18,44,22,47,46
1,0,2,3,4,5,7,20,6,23,13,8,31,27,25,48,38,9,11,10,42,12,34,19,28,32,26,49,24,39,14,21,43,29,35,30,33,15,37,16,36,40,17,41,45,18,44,22,47,46,50
1,0,2,3,4,5,7,20,6,23,13,8,31,27,25,48,38,9,11,10,42,12,34,19,28,32,26,49,24,39,14,21,43,29,35,30,33,15,37,16,36,40,17,41,45,18,44,22,47,46,50,51
1,0,2,3,4,5,7,20,6,23,13,8,31,27,52,25,48,38,9,11,10,42,12,34,19,28,32,26,49,24,39,14,21,43,29,35,30,33,15,37,16,36,40,17,41,45,18,44,22,47,46,50,51
1,0,2,3,4,5,7,20,6,23,13,8,31,27,52,25,48,38,9,11,10,42,12,34,19,28,32,53,26,49,24,39,14,21,43,29,35,30,33,15,37,16,36,40,17,41,45,18,44,22,47,46,50,51
1,0,2,3,4,5,7,20,6,23,13,8,31,27,52,25,48,38,9,54,11,10,42,12,34,19,28,32,53,26,49,24,39,14,21,43,29,35,30,33,15,37,16,36,40,17,41,45,18,44,22,47,46,50,51
1,0,2,3,4,5,7,20,6,23,13,8,31,27,52,25,48,55,38,9,54,11,10,42,12,34,19,28,32,53,26,49,24,39,14,21,43,29,35,30,33,15,37,16,36,40,17,41,45,18,44,22,47,46,50,51
1,0,2,3,4,5,7,20,6,23,13,8,31,27,52,25,48,55,38,9,54,11,10,42,12,34,19,28,56,32,53,26,49,24,39,14,21,43,29,35,30,33,15,37,16,36,40,17,41,45,18,44,22,47,46,50,51
1,0,2,3,4,5,7,20,6,23,57,13,8,31,27,52,25,48,55,38,9,54,11,10,42,12,34,19,28,56,32,53,26,49,24,39,14,21,43,29,35,30,33,15,37,16,36,40,17,41,45,18,44,22,47,46,50,51
1,0,2,3,4,5,7,20,6,23,57,13,8,31,27,52,25,48,55,38,9,54,11,10,42,12,34,58,19,28,56,32,53,26,49,24,39,14,21,43,29,35,30,33,15,37,16,36,40,17,41,45,18,44,22,47,46,50,51
1,0,2,3,4,5,7,20,6,23,57,13,8,31,27,52,25,48,55,38,9,54,11,10,42,59,12,34,58,19,28,56,32,53,26,49,24,39,14,21,43,29,35,30,33,15,37,16,36,40,17,41,45,18,44,22,47,46,50,51
1,0,2,3,4,5,7,20,6,23,57,13,8,31,27,52,25,48,55,38,9,54,11,10,42,59,12,34,58,19,28,56,32,53,26,49,24,39,14,21,43,29,35,30,33,60,15,37,16,36,40,17,41,45,18,44,22,47,46,50,51
1,0,2,3,4,5,7,20,6,23,57,13,8,31,27,52,25,48,55,38,9,54,11,10,42,59,12,34,58,19,28,56,32,53,26,49,24,39,14,21,43,29,35,30,33,60,15,37,16,36,40,17,41,45,18,44,22,47,46,50,51,61
1,0,2,3,4,5,7,20,6,23,57,13,8,31,27,52,25,48,55,38,9,54,11,10,42,59,12,34,58,19,28,56,32,53,26,49,24,39,14,21,43,29,35,30,33,60,15,37,16,36,40,17,41,45,18,44,22,47,46,50,51,61,62
1,0,2,3,4,5,7,20,6,23,57,13,8,31,27,52,25,48,55,38,9,54,11,10,42,59,12,34,58,19,28,56,32,53,26,49,24,39,14,21,43,29,35,30,33,60,15,37,16,36,40,17,41,45,18,44,22,47,46,50,51,61,62,63
1,0,2,3,4,5,7,20,6,23,57,13,8,31,27,52,25,48,55,38,9,54,11,10,42,59,12,34,58,19,28,56,32,53,26,49,24,39,14,21,43,29,35,30,33,60,15,37,16,36,40,17,41,45,18,44,22,47,46,50,51,61,62,64,63
1,0,2,3,4,5,7,20,6,23,57,13,8,31,27,52,25,48,55,38,9,54,11,10,42,59,12,34,58,19,28,56,32,53,26,49,24,39,14,21,43,29,35,30,33,60,15,37,16,36,40,17,41,45,18,44,22,47,46,50,51,61,62,64,63,65
1,0,2,3,4,5,7,20,6,23,57,13,8,31,27,52,25,48,55,38,9,54,11,10,42,59,12,34,58,19,28,56,32,53,26,49,24,39,14,21,43,29,35,30,33,60,15,37,16,36,40,17,41,45,18,44,22,47,46,50,51,61,62,64,63,65,66
1,0,2,3,4,5,7,20,6,23,57,13,8,31,27,52,25,48,55,38,9,54,11,10,42,59,12,34,58,19,28,56,32,53,26,49,24,39,14,21,43,29,35,30,33,60,15,37,16,36,40,17,41,45,18,44,22,47,46,50,51,61,62,64,63,65,67,66
1,0,2,3,4,5,7,20,6,23,57,13,8,31,27,52,25,48,55,38,9,54,11,10,42,59,12,34,58,19,28,56,32,53,26,49,24,39,14,21,43,29,35,30,33,60,15,37,16,36,40,17,41,45,18,44,22,47,46,50,51,61,68,62,64,63,65,67,66
1,0,2,3,4,5,7,20,6,23,57,13,8,31,27,52,25,48,55,38,9,54,11,10,42,59,12,34,58,19,28,56,32,53,26,49,24,39,14,21,43,29,35,30,33,60,15,37,16,36,40,17,41,45,18,44,22,47,46,50,51,61,68,62,64,63,65,69,67,66
1,0,2,3,4,5,7,20,6,23,57,13,8,31,27,52,25,48,55,38,9,54,11,10,42,59,12,34,58,19,28,56,32,53,26,49,24,39,14,21,43,29,35,30,33,60,15,37,16,36,40,17,41,45,18,44,22,47,46,50,51,61,68,62,64,63,65,69,70,67,66
1,0,2,3,4,5,7,20,6,23,57,13,8,31,27,52,25,48,55,38,9,54,11,10,42,59,12,34,58,19,28,56,32,53,26,49,24,39,14,21,43,29,35,30,33,60,15,37,16,36,40,17,41,45,18,44,22,47,46,50,51,61,68,62,64,71,63,65,69,70,67,66
1,0,2,3,4,5,7,20,6,23,57,13,8,31,27,52,25,48,55,38,9,54,11,10,42,59,12,34,58,19,28,56,32,53,26,49,24,39,14,21,43,29,35,30,33,60,15,37,16,36,40,17,41,45,18,44,22,47,46,50,51,61,68,62,64,71,63,65,69,70,67,66,72
1,0,2,3,4,5,7,20,6,23,57,13,8,31,27,52,25,48,55,38,9,54,11,10,42,59,12,34,58,19,28,56,32,53,26,49,24,39,14,21,43,29,35,30,33,60,15,37,16,36,40,17,41,45,18,44,22,47,46,50,51,61,68,62,64,71,73,63,65,69,70,67,66,72
1,0,2,3,4,5,7,20,6,23,57,13,8,31,27,52,25,48,55,38,9,54,11,10,42,59,12,34,58,19,28,56,32,53,26,49,24,39,14,21,43,29,35,30,33,60,15,37,16,36,40,17,41,45,18,44,22,47,46,50,51,61,68,62,64,71,73,63,74,65,69,70,67,66,72
1,0,2,3,4,5,7,20,6,23,57,13,8,31,27,52,25,48,55,38,9,54,11,10,42,59,12,75,34,58,19,28,56,32,53,26,49,24,39,14,21,43,29,35,30,33,60,15,37,16,36,40,17,41,45,18,44,22,47,46,50,51,61,68,62,64,71,73,63,74,65,69,70,67,66,72
1,0,2,3,4,5,7,20,6,23,57,13,8,31,27,52,25,48,55,38,9,54,11,10,42,59,12,75,34,58,19,28,56,32,53,26,49,24,39,14,21,43,29,35,30,33,60,15,37,16,76,36,40,17,41,45,18,44,22,47,46,50,51,61,68,62,64,71,73,63,74,65,69,70,67,66,72
1,0,2,3,4,5,7,20,6,23,57,13,8,31,27,52,25,48,55,38,9,54,11,10,42,59,12,75,34,58,19,28,56,32,53,26,49,24,39,14,21,43,29,35,30,33,60,15,37,16,76,36,40,17,41,45,18,44,22,47,46,50,51,61,68,62,64,71,73,63,74,65,69,77,70,67,66,72
1,0,2,3,4,5,7,20,6,23,57,13,8,31,27,52,25,48,55,38,9,54,11,10,42,59,12,75,34,58,19,28,56,32,53,26,49,24,39,14,21,43,29,35,30,33,60,15,37,16,76,36,40,17,41,45,18,44,22,47,46,50,51,61,68,62,64,71,73,63,74,65,69,77,70,67,66,78,72
1,0,2,3,4,5,7,20,6,23,57,13,8,31,27,52,25,48,55,38,9,54,11,10,42,59,12,75,34,58,19,28,56,32,53,26,49,24,39,14,21,43,29,35,30,33,60,15,37,16,76,36,40,17,41,45,18,44,22,47,46,50,51,61,68,62,64,71,73,79,63,74,65,69,77,70,67,66,78,72
1,0,2,3,4,5,7,20,6,23,57,13,8,31,27,80,52,25,48,55,38,9,54,11,10,42,59,12,75,34,58,19,28,56,32,53,26,49,24,39,14,21,43,29,35,30,33,60,15,37,16,76,36,40,17,41,45,18,44,22,47,46,50,51,61,68,62,64,71,73,79,63,74,65,69,77,70,67,66,78,72
1,0,2,3,4,5,7,20,6,23,57,13,8,31,27,80,52,25,48,55,38,9,81,54,11,10,42,59,12,75,34,58,19,28,56,32,53,26,49,24,39,14,21,43,29,35,30,33,60,15,37,16,76,36,40,17,41,45,18,44,22,47,46,50,51,61,68,62,64,71,73,79,63,74,65,69,77,70,67,66,78,72
1,0,2,3,4,5,7,20,6,23,57,13,8,31,27,80,52,25,48,55,38,9,81,54,11,10,42,59,12,75,34,58,19,28,56,32,53,26,49,24,39,14,21,43,29,35,30,33,60,15,37,82,16,76,36,40,17,41,45,18,44,22,47,46,50,51,61,68,62,64,71,73,79,63,74,65,69,77,70,67,66,78,72
1,0,2,3,4,5,7,20,6,23,57,83,13,8,31,27,80,52,25,48,55,38,9,81,54,11,10,42,59,12,75,34,58,19,28,56,32,53,26,49,24,39,14,21,43,29,35,30,33,60,15,37,82,16,76,36,40,17,41,45,18,44,22,47,46,50,51,61,68,62,64,71,73,79,63,74,65,69,77,70,67,66,78,72
1,0,2,3,4,5,7,20,6,23,57,83,13,8,31,27,80,52,25,48,55,38,9,81,54,11,10,42,59,12,75,84,34,58,19,28,56,32,53,26,49,24,39,14,21,43,29,35,30,33,60,15,37,82,16,76,36,40,17,41,45,18,44,22,47,46,50,51,61,68,62,64,71,73,79,63,74,65,69,77,70,67,66,78,72
1,0,2,3,4,5,7,20,6,23,57,83,13,8,31,27,80,52,25,48,55,38,9,81,54,11,10,42,59,12,75,84,34,58,19,28,56,32,53,26,49,24,39,14,21,43,29,35,30,33,60,15,37,82,16,76,36,40,17,41,45,18,44,22,47,46,50,51,61,68,62,64,85,71,73,79,63,74,65,69,77,70,67,66,78,72
1,0,2,3,4,5,7,20,6,23,57,83,13,8,31,27,80,52,25,48,55,38,9,81,54,11,10,42,59,12,75,84,34,58,19,28,56,32,53,26,49,24,39,14,21,43,29,35,30,33,60,15,37,82,16,76,36,40,17,41,45,18,44,22,47,46,50,51,61,68,62,86,64,85,71,73,79,63,74,65,69,77,70,67,66,78,72
1,0,2,3,4,5,7,20,6,23,57,83,13,8,31,27,80,52,25,48,55,38,9,81,54,11,10,42,59,12,75,84,34,58,19,28,56,32,53,26,49,24,39,14,21,43,29,35,30,33,60,15,37,82,16,76,36,40,17,41,45,18,44,22,47,46,50,51,61,68,62,86,64,85,71,73,79,63,74,65,69,77,70,67,87,66,78,72
1,0,2,3,4,5,7,20,6,23,57,83,13,8,31,27,80,52,25,48,55,38,9,81,54,11,10,42,59,12,75,84,88,34,58,19,28,56,32,53,26,49,24,39,14,21,43,29,35,30,33,60,15,37,82,16,76,36,40,17,41,45,18,44,22,47,46,50,51,61,68,62,86,64,85,71,73,79,63,74,65,69,77,70,67,87,66,78,72
1,0,2,3,4,5,7,20,6,23,57,83,13,8,31,27,80,52,25,48,55,38,9,89,81,54,11,10,42,59,12,75,84,88,34,58,19,28,56,32,53,26,49,24,39,14,21,43,29,35,30,33,60,15,37,82,16,76,36,40,17,41,45,18,44,22,47,46,50,51,61,68,62,86,64,85,71,73,79,63,74,65,69,77,70,67,87,66,78,72
1,0,2,3,4,5,7,20,6,23,57,83,13,8,31,27,80,52,25,48,55,38,9,89,81,54,11,10,42,59,12,75,84,88,34,58,19,28,56,32,53,26,49,24,39,14,21,43,29,90,35,30,33,60,15,37,82,16,76,36,40,17,41,45,18,44,22,47,46,50,51,61,68,62,86,64,85,71,73,79,63,74,65,69,77,70,67,87,66,78,72
1,0,2,3,4,5,7,20,6,23,57,83,13,8,31,27,80,52,25,48,55,38,9,89,81,54,11,10,42,59,12,75,84,88,34,58,19,28,56,32,53,26,49,24,39,14,21,43,29,90,35,30,33,60,15,37,82,16,76,36,40,17,41,45,18,44,22,47,46,50,51,61,68,91,62,86,64,85,71,73,79,63,74,65,69,77,70,67,87,66,78,72
1,0,2,3,4,5,7,20,6,23,57,83,13,8,31,27,80,52,25,48,55,38,9,89,81,54,11,10,42,59,12,75,84,88,34,58,19,28,56,32,53,26,49,24,39,14,21,43,29,90,35,30,33,60,15,37,82,16,76,36,40,17,41,45,18,44,22,47,46,50,51,61,68,91,62,86,64,85,71,73,79,92,63,74,65,69,77,70,67,87,66,78,72
1,0,2,3,4,5,7,20,6,23,57,83,13,8,31,27,80,52,25,48,55,38,9,89,81,54,11,10,42,59,12,75,84,88,34,58,19,28,56,32,53,26,49,24,39,14,21,43,29,90,35,30,33,60,15,37,82,16,76,36,40,17,41,45,18,44,22,47,46,50,51,61,68,91,62,93,86,64,85,71,73,79,92,63,74,65,69,77,70,67,87,66,78,72
1,0,2,3,4,5,7,20,6,23,57,83,13,8,31,27,80,52,25,48,55,94,38,9,89,81,54,11,10,42,59,12,75,84,88,34,58,19,28,56,32,53,26,49,24,39,14,21,43,29,90,35,30,33,60,15,37,82,16,76,36,40,17,41,45,18,44,22,47,46,50,51,61,68,91,62,93,86,64,85,71,73,79,92,63,74,65,69,77,70,67,87,66,78,72
1,0,2,3,4,5,7,20,6,23,57,83,13,8,31,27,80,52,25,48,55,94,38,9,89,81,54,11,10,42,59,12,75,84,88,34,58,19,28,56,32,53,26,49,24,95,39,14,21,43,29,90,35,30,33,60,15,37,82,16,76,36,40,17,41,45,18,44,22,47,46,50,51,61,68,91,62,93,86,64,85,71,73,79,92,63,74,65,69,77,70,67,87,66,78,72
1,0,2,3,4,5,7,20,6,23,57,83,13,8,31,27,80,52,25,48,55,94,38,9,89,81,54,11,10,42,59,12,75,84,88,34,58,19,28,56,32,53,26,49,24,95,39,14,21,43,29,90,35,30,33,60,15,37,82,16,76,36,40,17,41,45,18,44,22,47,46,50,51,61,68,91,62,93,86,64,85,71,73,79,92,63,74,65,69,77,70,96,67,87,66,78,72
1,0,2,3,4,5,7,20,6,23,57,83,13,8,31,27,80,52,25,48,55,94,38,9,89,81,54,11,10,42,59,97,12,75,84,88,34,58,19,28,56,32,53,26,49,24,95,39,14,21,43,29,90,35,30,33,60,15,37,82,16,76,36,40,17,41,45,18,44,22,47,46,50,51,61,68,91,62,93,86,64,85,71,73,79,92,63,74,65,69,77,70,96,67,87,66,78,72
1,0,2,3,4,5,7,20,6,98,23,57,83,13,8,31,27,80,52,25,48,55,94,38,9,89,81,54,11,10,42,59,97,12,75,84,88,34,58,19,28,56,32,53,26,49,24,95,39,14,21,43,29,90,35,30,33,60,15,37,82,16,76,36,40,17,41,45,18,44,22,47,46,50,51,61,68,91,62,93,86,64,85,71,73,79,92,63,74,65,69,77,70,96,67,87,66,78,72
1,0,2,3,4,5,7,20,6,98,23,57,83,13,8,31,27,80,52,25,48,55,94,38,9,89,81,54,11,10,42,59,97,12,75,84,88,34,58,19,99,28,56,32,53,26,49,24,95,39,14,21,43,29,90,35,30,33,60,15,37,82,16,76,36,40,17,41,45,18,44,22,47,46,50,51,61,68,91,62,93,86,64,85,71,73,79,92,63,74,65,69,77,70,96,67,87,66,78,72
1,0,2,3,4,5,7,20,6,98,23,57,83,13,8,31,27,80,52,25,48,55,94,38,9,89,81,54,11,10,42,59,97,12,75,84,88,34,58,19,99,28,56,32,53,26,49,24,95,39,14,21,43,29,90,35,30,33,60,15,37,82,16,76,36,40,17,41,45,18,44,22,47,46,50,51,61,68,91,62,93,86,64,85,71,73,79,92,63,74,65,69,77,70,96,67,87,66,78,72,100
1,0,2,3,4,5,7,20,6,98,23,57,83,13,8,31,27,80,52,25,48,55,94,38,9,89,81,54,101,11,10,42,59,97,12,75,84,88,34,58,19,99,28,56,32,53,26,49,24,95,39,14,21,43,29,90,35,30,33,60,15,37,82,16,76,36,40,17,41,45,18,44,22,47,46,50,51,61,68,91,62,93,86,64,85,71,73,79,92,63,74,65,69,77,70,96,67,87,66,78,72,100
1,0,2,3,4,5,7,20,6,98,23,57,83,13,8,31,27,80,52,25,48,55,94,38,9,89,81,54,101,11,10,42,59,97,12,75,84,88,34,58,19,99,28,56,32,53,26,49,24,95,39,14,102,21,43,29,90,35,30,33,60,15,37,82,16,76,36,40,17,41,45,18,44,22,47,46,50,51,61,68,91,62,93,86,64,85,71,73,79,92,63,74,65,69,77,70,96,67,87,66,78,72,100
1,0,2,3,4,5,7,20,6,98,23,57,83,13,8,31,27,80,52,25,48,55,94,38,9,89,81,54,101,11,10,42,59,97,12,75,84,88,34,58,19,99,28,56,32,53,26,49,24,95,39,14,102,21,43,29,90,35,30,33,60,15,37,82,16,76,36,40,17,41,45,18,44,22,47,46,50,51,61,68,91,62,93,86,64,85,71,73,79,92,63,74,103,65,69,77,70,96,67,87,66,78,72,100
1,0,2,3,4,5,7,20,6,98,23,57,104,83,13,8,31,27,80,52,25,48,55,94,38,9,89,81,54,101,11,10,42,59,97,12,75,84,88,34,58,19,99,28,56,32,53,26,49,24,95,39,14,102,21,43,29,90,35,30,33,60,15,37,82,16,76,36,40,17,41,45,18,44,22,47,46,50,51,61,68,91,62,93,86,64,85,71,73,79,92,63,74,103,65,69,77,70,96,67,87,66,78,72,100
1,0,2,3,4,5,7,20,105,6,98,23,57,104,83,13,8,31,27,80,52,25,48,55,94,38,9,89,81,54,101,11,10,42,59,97,12,75,84,88,34,58,19,99,28,56,32,53,26,49,24,95,39,14,102,21,43,29,90,35,30,33,60,15,37,82,16,76,36,40,17,41,45,18,44,22,47,46,50,51,61,68,91,62,93,86,64,85,71,73,79,92,63,74,103,65,69,77,70,96,67,87,66,78,72,100
1,0,2,3,4,5,7,20,105,6,98,23,57,104,83,13,8,31,27,80,52,25,48,55,94,38,9,89,81,54,101,11,10,106,42,59,97,12,75,84,88,34,58,19,99,28,56,32,53,26,49,24,95,39,14,102,21,43,29,90,35,30,33,60,15,37,82,16,76,36,40,17,41,45,18,44,22,47,46,50,51,61,68,91,62,93,86,64,85,71,73,79,92,63,74,103,65,69,77,70,96,67,87,66,78,72,100
1,0,2,3,4,5,7,20,105,6,98,23,57,104,83,13,8,31,27,80,52,25,48,55,94,38,9,89,81,54,101,11,10,106,42,59,97,12,75,84,88,34,58,19,99,28,56,32,53,26,49,24,95,39,14,102,21,43,29,90,35,30,33,60,15,37,82,16,76,36,40,17,41,45,18,44,22,47,46,50,51,107,61,68,91,62,93,86,64,85,71,73,79,92,63,74,103,65,69,77,70,96,67,87,66,78,72,100
1,0,2,3,4,5,7,20,108,105,6,98,23,57,104,83,13,8,31,27,80,52,25,48,55,94,38,9,89,81,54,101,11,10,106,42,59,97,12,75,84,88,34,58,19,99,28,56,32,53,26,49,24,95,39,14,102,21,43,29,90,35,30,33,60,15,37,82,16,76,36,40,17,41,45,18,44,22,47,46,50,51,107,61,68,91,62,93,86,64,85,71,73,79,92,63,74,103,65,69,77,70,96,67,87,66,78,72,100
1,0,2,3,4,5,7,20,108,105,6,98,23,57,104,83,13,8,31,27,80,52,25,48,55,94,38,9,89,81,54,101,11,10,106,42,59,97,109,12,75,84,88,34,58,19,99,28,56,32,53,26,49,24,95,39,14,102,21,43,29,90,35,30,33,60,15,37,82,16,76,36,40,17,41,45,18,44,22,47,46,50,51,107,61,68,91,62,93,86,64,85,71,73,79,92,63,74,103,65,69,77,70,96,67,87,66,78,72,100
1,0,2,3,4,5,7,20,108,105,6,98,23,57,104,83,13,8,31,27,80,52,25,48,55,94,38,9,89,81,54,101,11,10,106,42,59,97,109,12,75,84,88,34,58,19,99,28,56,32,53,26,49,24,95,39,14,102,21,43,29,90,35,30,33,60,15,37,82,16,76,36,40,17,41,45,18,44,22,47,46,50,51,107,110,61,68,91,62,93,86,64,85,71,73,79,92,63,74,103,65,69,77,70,96,67,87,66,78,72,100
1,0,2,3,4,5,7,20,108,105,6,98,23,57,104,83,13,8,31,27,80,52,25,48,55,94,38,9,89,81,54,101,11,10,106,42,59,97,109,12,75,84,88,34,58,19,99,28,56,32,53,26,49,24,95,39,14,102,21,43,29,90,35,30,33,60,15,37,82,16,76,36,40,17,41,45,18,44,22,47,46,111,50,51,107,110,61,68,91,62,93,86,64,85,71,73,79,92,63,74,103,65,69,77,70,96,67,87,66,78,72,100
1,0,2,3,4,5,7,20,108,105,6,98,23,57,104,83,13,8,31,27,80,52,25,48,55,94,38,9,89,81,54,101,11,10,106,42,59,97,109,12,75,84,88,34,58,19,99,28,56,32,53,26,49,24,95,39,14,102,21,43,29,90,35,30,33,60,15,37,82,16,76,36,40,17,41,45,18,44,22,47,112,46,111,50,51,107,110,61,68,91,62,93,86,64,85,71,73,79,92,63,74,103,65,69,77,70,96,67,87,66,78,72,100
1,0,2,3,4,5,7,20,108,105,6,98,23,57,104,83,13,8,31,27,80,52,25,48,55,94,38,9,89,81,54,101,11,10,106,42,59,97,109,12,75,84,88,34,58,19,99,28,56,32,53,26,49,24,95,39,14,102,21,43,29,90,35,30,33,60,15,37,82,16,76,36,40,113,17,41,45,18,44,22,47,112,46,111,50,51,107,110,61,68,91,62,93,86,64,85,71,73,79,92,63,74,103,65,69,77,70,96,67,87,66,78,72,100
1,0,2,3,4,5,7,20,108,105,6,98,23,57,104,83,13,8,31,27,80,52,25,48,55,94,38,9,89,81,54,101,11,10,106,42,59,97,109,12,75,84,88,34,58,19,99,28,56,32,53,26,49,24,95,39,14,102,21,43,29,90,35,30,33,60,15,37,82,114,16,76,36,40,113,17,41,45,18,44,22,47,112,46,111,50,51,107,110,61,68,91,62,93,86,64,85,71,73,79,92,63,74,103,65,69,77,70,96,67,87,66,78,72,100
1,0,2,3,4,5,7,20,108,105,6,98,23,57,104,83,13,8,31,27,80,52,25,48,55,94,38,9,89,81,54,101,11,10,106,42,59,115,97,109,12,75,84,88,34,58,19,99,28,56,32,53,26,49,24,95,39,14,102,21,43,29,90,35,30,33,60,15,37,82,114,16,76,36,40,113,17,41,45,18,44,22,47,112,46,111,50,51,107,110,61,68,91,62,93,86,64,85,71,73,79,92,63,74,103,65,69,77,70,96,67,87,66,78,72,100
1,0,2,3,4,5,7,20,108,105,6,98,23,57,104,83,13,8,31,27,80,52,25,48,55,94,38,9,89,81,54,101,11,10,106,42,59,115,97,109,12,75,84,88,34,58,19,99,28,56,32,53,26,49,24,95,39,14,116,102,21,43,29,90,35,30,33,60,15,37,82,114,16,76,36,40,113,17,41,45,18,44,22,47,112,46,111,50,51,107,110,61,68,91,62,93,86,64,85,71,73,79,92,63,74,103,65,69,77,70,96,67,87,66,78,72,100
1,0,2,3,4,5,7,20,108,105,6,98,23,57,104,83,13,8,31,27,80,52,25,48,55,94,38,9,89,81,54,101,11,10,106,42,59,115,97,109,12,75,84,88,34,58,19,99,28,56,32,53,26,49,24,95,39,14,116,102,21,43,29,90,35,30,33,60,15,37,82,114,16,76,36,117,40,113,17,41,45,18,44,22,47,112,46,111,50,51,107,110,61,68,91,62,93,86,64,85,71,73,79,92,63,74,103,65,69,77,70,96,67,87,66,78,72,100
1,0,2,3,4,5,7,20,108,105,6,98,23,57,104,83,13,8,31,27,80,52,25,48,55,94,38,9,89,81,54,101,11,10,106,42,59,115,97,109,12,75,84,88,34,58,19,99,28,56,32,53,26,49,24,95,39,14,116,102,21,43,29,90,35,30,118,33,60,15,37,82,114,16,76,36,117,40,113,17,41,45,18,44,22,47,112,46,111,50,51,107,110,61,68,91,62,93,86,64,85,71,73,79,92,63,74,103,65,69,77,70,96,67,87,66,78,72,100
1,0,2,3,4,5,7,20,108,105,6,98,23,57,104,83,13,8,31,27,80,52,25,48,55,94,38,9,89,81,54,101,11,10,106,42,59,115,97,109,12,75,84,88,34,58,19,99,28,56,32,53,26,49,24,95,39,14,116,102,21,43,29,90,35,30,119,118,33,60,15,37,82,114,16,76,36,117,40,113,17,41,45,18,44,22,47,112,46,111,50,51,107,110,61,68,91,62,93,86,64,85,71,73,79,92,63,74,103,65,69,77,70,96,67,87,66,78,72,100
1,0,2,3,4,5,7,20,108,105,6,98,23,57,104,83,13,8,31,27,80,52,25,48,55,94,38,9,89,81,54,101,11,10,106,42,59,115,97,109,12,75,84,88,34,58,19,99,28,56,32,53,26,49,24,95,39,14,116,102,21,120,43,29,90,35,30,119,118,33,60,15,37,82,114,16,76,36,117,40,113,17,41,45,18,44,22,47,112,46,111,50,51,107,110,61,68,91,62,93,86,64,85,71,73,79,92,63,74,103,65,69,77,70,96,67,87,66,78,72,100
1,0,2,3,4,5,7,20,108,105,6,98,23,57,104,83,13,8,31,27,80,52,25,48,55,94,38,9,89,81,54,101,11,10,106,42,59,115,97,109,12,75,84,88,34,58,19,99,28,56,32,53,26,49,24,95,39,14,116,102,21,120,43,121,29,90,35,30,119,118,33,60,15,37,82,114,16,76,36,117,40,113,17,41,45,18,44,22,47,112,46,111,50,51,107,110,61,68,91,62,93,86,64,85,71,73,79,92,63,74,103,65,69,77,70,96,67,87,66,78,72,100
1,0,2,3,4,5,7,20,108,105,6,98,23,57,104,83,13,8,31,27,80,52,25,48,55,94,38,9,89,81,54,101,11,10,106,42,59,115,97,109,12,75,84,88,34,58,19,99,28,56,32,53,26,49,24,95,39,14,116,102,21,120,122,43,121,29,90,35,30,119,118,33,60,15,37,82,114,16,76,36,117,40,113,17,41,45,18,44,22,47,112,46,111,50,51,107,110,61,68,91,62,93,86,64,85,71,73,79,92,63,74,103,65,69,77,70,96,67,87,66,78,72,100
1,0,2,3,4,5,7,20,108,105,6,98,23,57,104,83,13,8,31,27,80,52,25,48,55,94,38,9,89,81,54,101,11,10,106,42,59,115,97,109,12,75,84,88,34,58,19,99,28,56,32,53,26,49,24,95,39,14,116,102,21,120,122,123,43,121,29,90,35,30,119,118,33,60,15,37,82,114,16,76,36,117,40,113,17,41,45,18,44,22,47,112,46,111,50,51,107,110,61,68,91,62,93,86,64,85,71,73,79,92,63,74,103,65,69,77,70,96,67,87,66,78,72,100
1,0,2,3,4,5,7,20,108,105,6,98,23,57,104,83,13,8,31,27,80,52,25,48,55,94,38,9,89,124,81,54,101,11,10,106,42,59,115,97,109,12,75,84,88,34,58,19,99,28,56,32,53,26,49,24,95,39,14,116,102,21,120,122,123,43,121,29,90,35,30,119,118,33,60,15,37,82,114,16,76,36,117,40,113,17,41,45,18,44,22,47,112,46,111,50,51,107,110,61,68,91,62,93,86,64,85,71,73,79,92,63,74,103,65,69,77,70,96,67,87,66,78,72,100
1,0,2,3,4,5,7,20,108,105,6,98,23,57,104,83,13,8,31,27,80,52,25,48,55,94,38,9,89,124,81,54,101,11,10,106,42,59,115,97,109,12,75,84,88,34,125,58,19,99,28,56,32,53,26,49,24,95,39,14,116,102,21,120,122,123,43,121,29,90,35,30,119,118,33,60,15,37,82,114,16,76,36,117,40,113,17,41,45,18,44,22,47,112,46,111,50,51,107,110,61,68,91,62,93,86,64,85,71,73,79,92,63,74,103,65,69,77,70,96,67,87,66,78,72,100
1,0,2,3,4,5,7,20,108,105,6,98,23,57,104,83,13,8,31,27,80,52,25,48,55,94,38,9,89,124,81,54,101,11,10,106,42,59,115,97,109,12,75,84,88,34,125,58,19,99,28,56,32,53,26,49,24,95,39,14,116,102,21,126,120,122,123,43,121,29,90,35,30,119,118,33,60,15,37,82,114,16,76,36,117,40,113,17,41,45,18,44,22,47,112,46,111,50,51,107,110,61,68,91,62,93,86,64,85,71,73,79,92,63,74,103,65,69,77,70,96,67,87,66,78,72,100
1,0,2,3,4,5,7,20,108,105,6,98,23,57,104,83,13,8,31,27,80,52,25,48,55,94,38,9,89,124,81,54,101,127,11,10,106,42,59,115,97,109,12,75,84,88,34,125,58,19,99,28,56,32,53,26,49,24,95,39,14,116,102,21,126,120,122,123,43,121,29,90,35,30,119,118,33,60,15,37,82,114,16,76,36,117,40,113,17,41,45,18,44,22,47,112,46,111,50,51,107,110,61,68,91,62,93,86,64,85,71,73,79,92,63,74,103,65,69,77,70,96,67,87,66,78,72,100
1,0,2,3,4,5,7,20,108,105,6,98,23,57,104,83,13,8,31,27,80,52,25,48,55,94,38,9,89,124,81,54,101,127,11,10,106,42,59,115,97,109,12,75,84,88,34,125,58,19,99,28,128,56,32,53,26,49,24,95,39,14,116,102,21,126,120,122,123,43,121,29,90,35,30,119,118,33,60,15,37,82,114,16,76,36,117,40,113,17,41,45,18,44,22,47,112,46,111,50,51,107,110,61,68,91,62,93,86,64,85,71,73,79,92,63,74,103,65,69,77,70,96,67,87,66,78,72,100
1,0,2,3,4,5,7,20,108,105,6,98,23,57,104,83,13,8,31,27,80,52,25,48,55,94,38,9,89,124,81,54,101,127,11,10,106,42,59,115,97,109,12,75,84,88,34,125,58,19,99,28,128,56,32,53,26,49,24,129,95,39,14,116,102,21,126,120,122,123,43,121,29,90,35,30,119,118,33,60,15,37,82,114,16,76,36,117,40,113,17,41,45,18,44,22,47,112,46,111,50,51,107,110,61,68,91,62,93,86,64,85,71,73,79,92,63,74,103,65,69,77,70,96,67,87,66,78,72,100
1,0,2,3,4,5,7,20,108,105,6,98,23,57,104,83,13,8,31,27,80,52,25,48,55,94,38,9,89,124,81,54,101,127,11,10,106,42,59,115,97,109,12,75,84,88,34,125,58,19,99,28,128,56,32,53,26,49,24,129,95,39,14,130,116,102,21,126,120,122,123,43,121,29,90,35,30,119,118,33,60,15,37,82,114,16,76,36,117,40,113,17,41,45,18,44,22,47,112,46,111,50,51,107,110,61,68,91,62,93,86,64,85,71,73,79,92,63,74,103,65,69,77,70,96,67,87,66,78,72,100
1,0,2,3,4,5,7,20,108,105,6,98,23,57,104,83,13,8,31,27,80,52,25,48,55,94,38,9,89,124,81,54,101,127,11,10,106,42,59,115,97,109,12,75,84,88,34,125,58,19,99,28,128,56,32,53,26,49,24,129,95,39,14,130,116,102,21,126,131,120,122,123,43,121,29,90,35,30,119,118,33,60,15,37,82,114,16,76,36,117,40,113,17,41,45,18,44,22,47,112,46,111,50,51,107,110,61,68,91,62,93,86,64,85,71,73,79,92,63,74,103,65,69,77,70,96,67,87,66,78,72,100
1,0,2,3,4,5,7,20,108,105,6,98,23,57,104,83,13,8,31,27,80,52,25,48,55,94,38,9,89,124,81,54,101,127,11,10,106,42,59,115,97,109,12,75,84,88,34,125,58,19,99,28,128,56,32,53,26,49,24,129,95,39,14,130,116,132,102,21,126,131,120,122,123,43,121,29,90,35,30,119,118,33,60,15,37,82,114,16,76,36,117,40,113,17,41,45,18,44,22,47,112,46,111,50,51,107,110,61,68,91,62,93,86,64,85,71,73,79,92,63,74,103,65,69,77,70,96,67,87,66,78,72,100
1,0,2,3,4,5,7,20,108,105,6,98,23,57,104,83,13,8,31,27,80,52,25,48,55,94,38,9,133,89,124,81,54,101,127,11,10,106,42,59,115,97,109,12,75,84,88,34,125,58,19,99,28,128,56,32,53,26,49,24,129,95,39,14,130,116,132,102,21,126,131,120,122,123,43,121,29,90,35,30,119,118,33,60,15,37,82,114,16,76,36,117,40,113,17,41,45,18,44,22,47,112,46,111,50,51,107,110,61,68,91,62,93,86,64,85,71,73,79,92,63,74,103,65,69,77,70,96,67,87,66,78,72,100
1,0,2,3,4,5,7,20,108,134,105,6,98,23,57,104,83,13,8,31,27,80,52,25,48,55,94,38,9,133,89,124,81,54,101,127,11,10,106,42,59,115,97,109,12,75,84,88,34,125,58,19,99,28,128,56,32,53,26,49,24,129,95,39,14,130,116,132,102,21,126,131,120,122,123,43,121,29,90,35,30,119,118,33,60,15,37,82,114,16,76,36,117,40,113,17,41,45,18,44,22,47,112,46,111,50,51,107,110,61,68,91,62,93,86,64,85,71,73,79,92,63,74,103,65,69,77,70,96,67,87,66,78,72,100
1,0,2,3,4,5,7,20,108,134,105,6,98,23,57,104,83,13,8,31,27,80,52,25,48,55,94,38,9,133,89,124,135,81,54,101,127,11,10,106,42,59,115,97,109,12,75,84,88,34,125,58,19,99,28,128,56,32,53,26,49,24,129,95,39,14,130,116,132,102,21,126,131,120,122,123,43,121,29,90,35,30,119,118,33,60,15,37,82,114,16,76,36,117,40,113,17,41,45,18,44,22,47,112,46,111,50,51,107,110,61,68,91,62,93,86,64,85,71,73,79,92,63,74,103,65,69,77,70,96,67,87,66,78,72,100
1,0,2,3,4,5,7,20,108,134,105,6,98,23,57,104,83,13,8,31,27,80,52,25,48,55,94,38,9,133,89,124,135,81,54,101,127,11,10,106,42,59,115,97,136,109,12,75,84,88,34,125,58,19,99,28,128,56,32,53,26,49,24,129,95,39,14,130,116,132,102,21,126,131,120,122,123,43,121,29,90,35,30,119,118,33,60,15,37,82,114,16,76,36,117,40,113,17,41,45,18,44,22,47,112,46,111,50,51,107,110,61,68,91,62,93,86,64,85,71,73,79,92,63,74,103,65,69,77,70,96,67,87,66,78,72,100
1,0,2,3,4,5,7,20,108,134,105,6,98,23,57,104,83,13,8,31,27,80,52,25,48,55,94,38,9,133,89,124,135,81,54,101,127,11,10,106,42,59,115,97,136,109,12,75,137,84,88,34,125,58,19,99,28,128,56,32,53,26,49,24,129,95,39,14,130,116,132,102,21,126,131,120,122,123,43,121,29,90,35,30,119,118,33,60,15,37,82,114,16,76,36,117,40,113,17,41,45,18,44,22,47,112,46,111,50,51,107,110,61,68,91,62,93,86,64,85,71,73,79,92,63,74,103,65,69,77,70,96,67,87,66,78,72,100
1,0,2,3,4,5,7,20,108,134,105,6,98,23,57,104,83,13,8,31,27,80,52,25,48,55,94,38,9,133,89,124,135,81,54,101,127,11,10,106,42,138,59,115,97,136,109,12,75,137,84,88,34,125,58,19,99,28,128,56,32,53,26,49,24,129,95,39,14,130,116,132,102,21,126,131,120,122,123,43,121,29,90,35,30,119,118,33,60,15,37,82,114,16,76,36,117,40,113,17,41,45,18,44,22,47,112,46,111,50,51,107,110,61,68,91,62,93,86,64,85,71,73,79,92,63,74,103,65,69,77,70,96,67,87,66,78,72,100
1,0,2,3,4,5,7,20,108,134,105,6,98,23,57,104,83,13,8,31,27,80,52,25,48,55,94,38,9,133,89,124,135,81,54,101,127,11,10,106,42,139,138,59,115,97,136,109,12,75,137,84,88,34,125,58,19,99,28,128,56,32,53,26,49,24,129,95,39,14,130,116,132,102,21,126,131,120,122,123,43,121,29,90,35,30,119,118,33,60,15,37,82,114,16,76,36,117,40,113,17,41,45,18,44,22,47,112,46,111,50,51,107,110,61,68,91,62,93,86,64,85,71,73,79,92,63,74,103,65,69,77,70,96,67,87,66,78,72,100
1,0,2,3,4,5,7,20,108,134,105,6,98,23,57,104,83,13,8,31,27,80,52,25,48,55,94,38,9,133,89,124,135,81,54,101,127,140,11,10,106,42,139,138,59,115,97,136,109,12,75,137,84,88,34,125,58,19,99,28,128,56,32,53,26,49,24,129,95,39,14,130,116,132,102,21,126,131,120,122,123,43,121,29,90,35,30,119,118,33,60,15,37,82,114,16,76,36,117,40,113,17,41,45,18,44,22,47,112,46,111,50,51,107,110,61,68,91,62,93,86,64,85,71,73,79,92,63,74,103,65,69,77,70,96,67,87,66,78,72,100
1,0,2,3,4,5,7,20,108,134,105,6,98,23,57,104,83,13,8,31,27,80,52,25,48,55,94,38,9,133,89,124,135,81,54,101,127,140,141,11,10,106,42,139,138,59,115,97,136,109,12,75,137,84,88,34,125,58,19,99,28,128,56,32,53,26,49,24,129,95,39,14,130,116,132,102,21,126,131,120,122,123,43,121,29,90,35,30,119,118,33,60,15,37,82,114,16,76,36,117,40,113,17,41,45,18,44,22,47,112,46,111,50,51,107,110,61,68,91,62,93,86,64,85,71,73,79,92,63,74,103,65,69,77,70,96,67,87,66,78,72,100
1,0,2,3,4,5,7,20,108,134,105,6,98,23,57,104,83,13,8,31,27,80,52,25,48,55,94,38,9,133,89,124,135,81,54,142,101,127,140,141,11,10,106,42,139,138,59,115,97,136,109,12,75,137,84,88,34,125,58,19,99,28,128,56,32,53,26,49,24,129,95,39,14,130,116,132,102,21,126,131,120,122,123,43,121,29,90,35,30,119,118,33,60,15,37,82,114,16,76,36,117,40,113,17,41,45,18,44,22,47,112,46,111,50,51,107,110,61,68,91,62,93,86,64,85,71,73,79,92,63,74,103,65,69,77,70,96,67,87,66,78,72,100
1,0,2,3,4,5,7,20,108,134,105,6,98,23,57,104,83,13,8,31,27,80,52,25,48,55,94,38,9,133,89,124,135,81,54,142,101,127,140,141,143,11,10,106,42,139,138,59,115,97,136,109,12,75,137,84,88,34,125,58,19,99,28,128,56,32,53,26,49,24,129,95,39,14,130,116,132,102,21,126,131,120,122,123,43,121,29,90,35,30,119,118,33,60,15,37,82,114,16,76,36,117,40,113,17,41,45,18,44,22,47,112,46,111,50,51,107,110,61,68,91,62,93,86,64,85,71,73,79,92,63,74,103,65,69,77,70,96,67,87,66,78,72,100
1,0,2,3,4,5,7,20,108,134,105,6,98,23,57,104,83,13,8,31,27,80,52,25,48,55,94,38,9,133,89,124,135,81,54,144,142,101,127,140,141,143,11,10,106,42,139,138,59,115,97,136,109,12,75,137,84,88,34,125,58,19,99,28,128,56,32,53,26,49,24,129,95,39,14,130,116,132,102,21,126,131,120,122,123,43,121,29,90,35,30,119,118,33,60,15,37,82,114,16,76,36,117,40,113,17,41,45,18,44,22,47,112,46,111,50,51,107,110,61,68,91,62,93,86,64,85,71,73,79,92,63,74,103,65,69,77,70,96,67,87,66,78,72,100
1,0,2,3,4,5,7,20,108,134,105,6,98,23,57,104,83,13,8,31,27,80,52,25,48,55,94,38,9,133,89,124,135,81,54,144,142,101,127,140,141,145,143,11,10,106,42,139,138,59,115,97,136,109,12,75,137,84,88,34,125,58,19,99,28,128,56,32,53,26,49,24,129,95,39,14,130,116,132,102,21,126,131,120,122,123,43,121,29,90,35,30,119,118,33,60,15,37,82,114,16,76,36,117,40,113,17,41,45,18,44,22,47,112,46,111,50,51,107,110,61,68,91,62,93,86,64,85,71,73,79,92,63,74,103,65,69,77,70,96,67,87,66,78,72,100
1,0,2,3,4,5,7,20,108,134,105,6,98,23,57,104,83,13,8,31,27,80,52,25,48,55,94,38,9,133,89,124,135,81,54,146,144,142,101,127,140,141,145,143,11,10,106,42,139,138,59,115,97,136,109,12,75,137,84,88,34,125,58,19,99,28,128,56,32,53,26,49,24,129,95,39,14,130,116,132,102,21,126,131,120,122,123,43,121,29,90,35,30,119,118,33,60,15,37,82,114,16,76,36,117,40,113,17,41,45,18,44,22,47,112,46,111,50,51,107,110,61,68,91,62,93,86,64,85,71,73,79,92,63,74,103,65,69,77,70,96,67,87,66,78,72,100
1,0,2,3,4,5,7,20,108,134,105,6,98,23,57,104,83,13,8,31,27,80,52,25,48,55,94,38,9,133,89,124,147,135,81,54,146,144,142,101,127,140,141,145,143,11,10,106,42,139,138,59,115,97,136,109,12,75,137,84,88,34,125,58,19,99,28,128,56,32,53,26,49,24,129,95,39,14,130,116,132,102,21,126,131,120,122,123,43,121,29,90,35,30,119,118,33,60,15,37,82,114,16,76,36,117,40,113,17,41,45,18,44,22,47,112,46,111,50,51,107,110,61,68,91,62,93,86,64,85,71,73,79,92,63,74,103,65,69,77,70,96,67,87,66,78,72,100
1,0,2,3,4,5,7,20,108,134,105,6,98,23,57,104,83,13,8,31,27,80,52,25,48,55,94,38,9,133,89,124,148,147,135,81,54,146,144,142,101,127,140,141,145,143,11,10,106,42,139,138,59,115,97,136,109,12,75,137,84,88,34,125,58,19,99,28,128,56,32,53,26,49,24,129,95,39,14,130,116,132,102,21,126,131,120,122,123,43,121,29,90,35,30,119,118,33,60,15,37,82,114,16,76,36,117,40,113,17,41,45,18,44,22,47,112,46,111,50,51,107,110,61,68,91,62,93,86,64,85,71,73,79,92,63,74,103,65,69,77,70,96,67,87,66,78,72,100
1,0,2,3,4,5,7,20,108,134,105,6,98,23,57,104,83,13,8,31,27,80,52,25,48,55,94,38,9,133,89,124,148,147,135,81,54,146,144,149,142,101,127,140,141,145,143,11,10,106,42,139,138,59,115,97,136,109,12,75,137,84,88,34,125,58,19,99,28,128,56,32,53,26,49,24,129,95,39,14,130,116,132,102,21,126,131,120,122,123,43,121,29,90,35,30,119,118,33,60,15,37,82,114,16,76,36,117,40,113,17,41,45,18,44,22,47,112,46,111,50,51,107,110,61,68,91,62,93,86,64,85,71,73,79,92,63,74,103,65,69,77,70,96,67,87,66,78,72,100
1,0,2,3,4,5,7,20,108,134,105,6,98,23,57,104,83,13,8,31,27,80,52,25,48,55,94,38,9,133,89,124,148,147,135,150,81,54,146,144,149,142,101,127,140,141,145,143,11,10,106,42,139,138,59,115,97,136,109,12,75,137,84,88,34,125,58,19,99,28,128,56,32,53,26,49,24,129,95,39,14,130,116,132,102,21,126,131,120,122,123,43,121,29,90,35,30,119,118,33,60,15,37,82,114,16,76,36,117,40,113,17,41,45,18,44,22,47,112,46,111,50,51,107,110,61,68,91,62,93,86,64,85,71,73,79,92,63,74,103,65,69,77,70,96,67,87,66,78,72,100
1,0,2,3,4,5,7,20,108,134,105,6,98,23,57,104,83,13,8,31,27,80,52,25,48,55,94,38,9,133,89,124,148,147,135,150,81,54,146,144,151,149,142,101,127,140,141,145,143,11,10,106,42,139,138,59,115,97,136,109,12,75,137,84,88,34,125,58,19,99,28,128,56,32,53,26,49,24,129,95,39,14,130,116,132,102,21,126,131,120,122,123,43,121,29,90,35,30,119,118,33,60,15,37,82,114,16,76,36,117,40,113,17,41,45,18,44,22,47,112,46,111,50,51,107,110,61,68,91,62,93,86,64,85,71,73,79,92,63,74,103,65,69,77,70,96,67,87,66,78,72,100
1,0,2,3,4,5,7,20,108,134,105,6,98,23,57,104,83,13,8,31,27,80,52,25,48,55,94,38,9,133,89,124,148,147,135,150,81,54,146,144,151,149,152,142,101,127,140,141,145,143,11,10,106,42,139,138,59,115,97,136,109,12,75,137,84,88,34,125,58,19,99,28,128,56,32,53,26,49,24,129,95,39,14,130,116,132,102,21,126,131,120,122,123,43,121,29,90,35,30,119,118,33,60,15,37,82,114,16,76,36,117,40,113,17,41,45,18,44,22,47,112,46,111,50,51,107,110,61,68,91,62,93,86,64,85,71,73,79,92,63,74,103,65,69,77,70,96,67,87,66,78,72,100
1,0,2,3,4,5,7,20,108,134,105,6,98,23,57,104,83,13,8,31,27,153,80,52,25,48,55,94,38,9,133,89,124,148,147,135,150,81,54,146,144,151,149,152,142,101,127,140,141,145,143,11,10,106,42,139,138,59,115,97,136,109,12,75,137,84,88,34,125,58,19,99,28,128,56,32,53,26,49,24,129,95,39,14,130,116,132,102,21,126,131,120,122,123,43,121,29,90,35,30,119,118,33,60,15,37,82,114,16,76,36,117,40,113,17,41,45,18,44,22,47,112,46,111,50,51,107,110,61,68,91,62,93,86,64,85,71,73,79,92,63,74,103,65,69,77,70,96,67,87,66,78,72,100
1,0,2,3,4,5,7,20,108,134,105,6,98,23,57,104,154,83,13,8,31,27,153,80,52,25,48,55,94,38,9,133,89,124,148,147,135,150,81,54,146,144,151,149,152,142,101,127,140,141,145,143,11,10,106,42,139,138,59,115,97,136,109,12,75,137,84,88,34,125,58,19,99,28,128,56,32,53,26,49,24,129,95,39,14,130,116,132,102,21,126,131,120,122,123,43,121,29,90,35,30,119,118,33,60,15,37,82,114,16,76,36,117,40,113,17,41,45,18,44,22,47,112,46,111,50,51,107,110,61,68,91,62,93,86,64,85,71,73,79,92,63,74,103,65,69,77,70,96,67,87,66,78,72,100
1,0,2,3,4,5,7,20,108,134,105,6,98,23,57,104,154,83,13,8,31,27,153,80,52,25,48,55,94,38,9,155,133,89,124,148,147,135,150,81,54,146,144,151,149,152,142,101,127,140,141,145,143,11,10,106,42,139,138,59,115,97,136,109,12,75,137,84,88,34,125,58,19,99,28,128,56,32,53,26,49,24,129,95,39,14,130,116,132,102,21,126,131,120,122,123,43,121,29,90,35,30,119,118,33,60,15,37,82,114,16,76,36,117,40,113,17,41,45,18,44,22,47,112,46,111,50,51,107,110,61,68,91,62,93,86,64,85,71,73,79,92,63,74,103,65,69,77,70,96,67,87,66,78,72,100
1,0,2,3,4,5,7,20,108,134,105,6,98,23,57,104,154,83,13,8,31,27,153,80,52,25,48,55,94,38,9,155,133,89,124,148,156,147,135,150,81,54,146,144,151,149,152,142,101,127,140,141,145,143,11,10,106,42,139,138,59,115,97,136,109,12,75,137,84,88,34,125,58,19,99,28,128,56,32,53,26,49,24,129,95,39,14,130,116,132,102,21,126,131,120,122,123,43,121,29,90,35,30,119,118,33,60,15,37,82,114,16,76,36,117,40,113,17,41,45,18,44,22,47,112,46,111,50,51,107,110,61,68,91,62,93,86,64,85,71,73,79,92,63,74,103,65,69,77,70,96,67,87,66,78,72,100
1,0,2,3,4,5,7,20,108,134,105,6,98,23,57,104,154,157,83,13,8,31,27,153,80,52,25,48,55,94,38,9,155,133,89,124,148,156,147,135,150,81,54,146,144,151,149,152,142,101,127,140,141,145,143,11,10,106,42,139,138,59,115,97,136,109,12,75,137,84,88,34,125,58,19,99,28,128,56,32,53,26,49,24,129,95,39,14,130,116,132,102,21,126,131,120,122,123,43,121,29,90,35,30,119,118,33,60,15,37,82,114,16,76,36,117,40,113,17,41,45,18,44,22,47,112,46,111,50,51,107,110,61,68,91,62,93,86,64,85,71,73,79,92,63,74,103,65,69,77,70,96,67,87,66,78,72,100
1,0,2,3,4,5,7,20,108,134,105,6,98,23,57,104,154,157,83,13,8,31,27,153,80,52,25,48,55,94,38,9,155,133,89,124,148,156,147,135,150,81,54,146,158,144,151,149,152,142,101,127,140,141,145,143,11,10,106,42,139,138,59,115,97,136,109,12,75,137,84,88,34,125,58,19,99,28,128,56,32,53,26,49,24,129,95,39,14,130,116,132,102,21,126,131,120,122,123,43,121,29,90,35,30,119,118,33,60,15,37,82,114,16,76,36,117,40,113,17,41,45,18,44,22,47,112,46,111,50,51,107,110,61,68,91,62,93,86,64,85,71,73,79,92,63,74,103,65,69,77,70,96,67,87,66,78,72,100
1,0,2,3,4,5,7,20,108,134,105,6,98,23,57,104,154,157,83,13,8,31,27,153,80,52,25,48,55,94,38,9,155,133,89,124,159,148,156,147,135,150,81,54,146,158,144,151,149,152,142,101,127,140,141,145,143,11,10,106,42,139,138,59,115,97,136,109,12,75,137,84,88,34,125,58,19,99,28,128,56,32,53,26,49,24,129,95,39,14,130,116,132,102,21,126,131,120,122,123,43,121,29,90,35,30,119,118,33,60,15,37,82,114,16,76,36,117,40,113,17,41,45,18,44,22,47,112,46,111,50,51,107,110,61,68,91,62,93,86,64,85,71,73,79,92,63,74,103,65,69,77,70,96,67,87,66,78,72,100
1,0,2,3,4,5,7,20,108,134,105,6,98,23,57,104,154,157,83,13,8,31,27,153,80,52,25,48,55,160,94,38,9,155,133,89,124,159,148,156,147,135,150,81,54,146,158,144,151,149,152,142,101,127,140,141,145,143,11,10,106,42,139,138,59,115,97,136,109,12,75,137,84,88,34,125,58,19,99,28,128,56,32,53,26,49,24,129,95,39,14,130,116,132,102,21,126,131,120,122,123,43,121,29,90,35,30,119,118,33,60,15,37,82,114,16,76,36,117,40,113,17,41,45,18,44,22,47,112,46,111,50,51,107,110,61,68,91,62,93,86,64,85,71,73,79,92,63,74,103,65,69,77,70,96,67,87,66,78,72,100
1,0,2,3,4,5,7,20,108,134,105,6,98,23,57,104,154,157,83,13,8,31,27,153,80,52,25,48,55,160,161,94,38,9,155,133,89,124,159,148,156,147,135,150,81,54,146,158,144,151,149,152,142,101,127,140,141,145,143,11,10,106,42,139,138,59,115,97,136,109,12,75,137,84,88,34,125,58,19,99,28,128,56,32,53,26,49,24,129,95,39,14,130,116,132,102,21,126,131,120,122,123,43,121,29,90,35,30,119,118,33,60,15,37,82,114,16,76,36,117,40,113,17,41,45,18,44,22,47,112,46,111,50,51,107,110,61,68,91,62,93,86,64,85,71,73,79,92,63,74,103,65,69,77,70,96,67,87,66,78,72,100
1,0,2,3,4,5,7,20,108,134,105,6,98,23,57,104,154,157,83,13,8,31,27,153,80,52,25,48,55,160,161,94,38,9,155,133,89,124,159,162,148,156,147,135,150,81,54,146,158,144,151,149,152,142,101,127,140,141,145,143,11,10,106,42,139,138,59,115,97,136,109,12,75,137,84,88,34,125,58,19,99,28,128,56,32,53,26,49,24,129,95,39,14,130,116,132,102,21,126,131,120,122,123,43,121,29,90,35,30,119,118,33,60,15,37,82,114,16,76,36,117,40,113,17,41,45,18,44,22,47,112,46,111,50,51,107,110,61,68,91,62,93,86,64,85,71,73,79,92,63,74,103,65,69,77,70,96,67,87,66,78,72,100
1,0,2,3,4,5,7,20,108,134,105,6,98,23,57,104,154,157,83,13,8,31,27,153,80,52,25,48,55,160,161,94,38,9,163,155,133,89,124,159,162,148,156,147,135,150,81,54,146,158,144,151,149,152,142,101,127,140,141,145,143,11,10,106,42,139,138,59,115,97,136,109,12,75,137,84,88,34,125,58,19,99,28,128,56,32,53,26,49,24,129,95,39,14,130,116,132,102,21,126,131,120,122,123,43,121,29,90,35,30,119,118,33,60,15,37,82,114,16,76,36,117,40,113,17,41,45,18,44,22,47,112,46,111,50,51,107,110,61,68,91,62,93,86,64,85,71,73,79,92,63,74,103,65,69,77,70,96,67,87,66,78,72,100
1,0,2,3,4,5,7,20,108,134,105,6,98,23,57,104,154,157,83,13,8,31,27,153,80,52,25,48,55,160,161,94,38,9,163,155,133,89,124,159,162,148,156,147,135,150,81,54,146,158,144,151,164,149,152,142,101,127,140,141,145,143,11,10,106,42,139,138,59,115,97,136,109,12,75,137,84,88,34,125,58,19,99,28,128,56,32,53,26,49,24,129,95,39,14,130,116,132,102,21,126,131,120,122,123,43,121,29,90,35,30,119,118,33,60,15,37,82,114,16,76,36,117,40,113,17,41,45,18,44,22,47,112,46,111,50,51,107,110,61,68,91,62,93,86,64,85,71,73,79,92,63,74,103,65,69,77,70,96,67,87,66,78,72,100
1,0,2,3,4,5,7,20,108,134,105,6,98,23,57,104,154,157,83,13,8,31,27,153,80,52,25,48,55,160,161,94,38,9,163,155,133,89,124,159,162,148,156,147,165,135,150,81,54,146,158,144,151,164,149,152,142,101,127,140,141,145,143,11,10,106,42,139,138,59,115,97,136,109,12,75,137,84,88,34,125,58,19,99,28,128,56,32,53,26,49,24,129,95,39,14,130,116,132,102,21,126,131,120,122,123,43,121,29,90,35,30,119,118,33,60,15,37,82,114,16,76,36,117,40,113,17,41,45,18,44,22,47,112,46,111,50,51,107,110,61,68,91,62,93,86,64,85,71,73,79,92,63,74,103,65,69,77,70,96,67,87,66,78,72,100
1,0,2,3,4,5,7,20,108,134,105,6,98,23,57,104,154,157,83,13,8,31,27,153,80,52,25,48,55,166,160,161,94,38,9,163,155,133,89,124,159,162,148,156,147,165,135,150,81,54,146,158,144,151,164,149,152,142,101,127,140,141,145,143,11,10,106,42,139,138,59,115,97,136,109,12,75,137,84,88,34,125,58,19,99,28,128,56,32,53,26,49,24,129,95,39,14,130,116,132,102,21,126,131,120,122,123,43,121,29,90,35,30,119,118,33,60,15,37,82,114,16,76,36,117,40,113,17,41,45,18,44,22,47,112,46,111,50,51,107,110,61,68,91,62,93,86,64,85,71,73,79,92,63,74,103,65,69,77,70,96,67,87,66,78,72,100
1,0,2,3,4,5,7,20,108,134,105,6,98,23,57,104,154,157,83,13,8,31,27,153,80,52,25,48,55,166,160,161,94,167,38,9,163,155,133,89,124,159,162,148,156,147,165,135,150,81,54,146,158,144,151,164,149,152,142,101,127,140,141,145,143,11,10,106,42,139,138,59,115,97,136,109,12,75,137,84,88,34,125,58,19,99,28,128,56,32,53,26,49,24,129,95,39,14,130,116,132,102,21,126,131,120,122,123,43,121,29,90,35,30,119,118,33,60,15,37,82,114,16,76,36,117,40,113,17,41,45,18,44,22,47,112,46,111,50,51,107,110,61,68,91,62,93,86,64,85,71,73,79,92,63,74,103,65,69,77,70,96,67,87,66,78,72,100
1,0,2,3,4,5,7,20,108,134,105,6,98,23,57,104,154,157,83,13,8,31,27,153,80,52,25,48,55,166,160,161,94,168,167,38,9,163,155,133,89,124,159,162,148,156,147,165,135,150,81,54,146,158,144,151,164,149,152,142,101,127,140,141,145,143,11,10,106,42,139,138,59,115,97,136,109,12,75,137,84,88,34,125,58,19,99,28,128,56,32,53,26,49,24,129,95,39,14,130,116,132,102,21,126,131,120,122,123,43,121,29,90,35,30,119,118,33,60,15,37,82,114,16,76,36,117,40,113,17,41,45,18,44,22,47,112,46,111,50,51,107,110,61,68,91,62,93,86,64,85,71,73,79,92,63,74,103,65,69,77,70,96,67,87,66,78,72,100
1,0,2,3,4,5,7,20,108,134,105,6,98,23,57,104,154,157,83,13,8,31,27,153,80,52,25,48,55,169,166,160,161,94,168,167,38,9,163,155,133,89,124,159,162,148,156,147,165,135,150,81,54,146,158,144,151,164,149,152,142,101,127,140,141,145,143,11,10,106,42,139,138,59,115,97,136,109,12,75,137,84,88,34,125,58,19,99,28,128,56,32,53,26,49,24,129,95,39,14,130,116,132,102,21,126,131,120,122,123,43,121,29,90,35,30,119,118,33,60,15,37,82,114,16,76,36,117,40,113,17,41,45,18,44,22,47,112,46,111,50,51,107,110,61,68,91,62,93,86,64,85,71,73,79,92,63,74,103,65,69,77,70,96,67,87,66,78,72,100
1,0,2,3,4,5,7,20,108,134,105,6,98,23,57,104,154,157,83,13,8,31,27,153,80,52,170,25,48,55,169,166,160,161,94,168,167,38,9,163,155,133,89,124,159,162,148,156,147,165,135,150,81,54,146,158,144,151,164,149,152,142,101,127,140,141,145,143,11,10,106,42,139,138,59,115,97,136,109,12,75,137,84,88,34,125,58,19,99,28,128,56,32,53,26,49,24,129,95,39,14,130,116,132,102,21,126,131,120,122,123,43,121,29,90,35,30,119,118,33,60,15,37,82,114,16,76,36,117,40,113,17,41,45,18,44,22,47,112,46,111,50,51,107,110,61,68,91,62,93,86,64,85,71,73,79,92,63,74,103,65,69,77,70,96,67,87,66,78,72,100
1,0,2,3,4,5,7,20,108,134,105,6,98,23,57,104,154,157,83,13,8,31,27,153,80,52,170,25,171,48,55,169,166,160,161,94,168,167,38,9,163,155,133,89,124,159,162,148,156,147,165,135,150,81,54,146,158,144,151,164,149,152,142,101,127,140,141,145,143,11,10,106,42,139,138,59,115,97,136,109,12,75,137,84,88,34,125,58,19,99,28,128,56,32,53,26,49,24,129,95,39,14,130,116,132,102,21,126,131,120,122,123,43,121,29,90,35,30,119,118,33,60,15,37,82,114,16,76,36,117,40,113,17,41,45,18,44,22,47,112,46,111,50,51,107,110,61,68,91,62,93,86,64,85,71,73,79,92,63,74,103,65,69,77,70,96,67,87,66,78,72,100
1,0,2,3,4,5,7,20,108,134,105,6,98,23,57,104,154,157,83,13,8,31,27,153,80,52,170,25,171,48,55,169,166,160,172,161,94,168,167,38,9,163,155,133,89,124,159,162,148,156,147,165,135,150,81,54,146,158,144,151,164,149,152,142,101,127,140,141,145,143,11,10,106,42,139,138,59,115,97,136,109,12,75,137,84,88,34,125,58,19,99,28,128,56,32,53,26,49,24,129,95,39,14,130,116,132,102,21,126,131,120,122,123,43,121,29,90,35,30,119,118,33,60,15,37,82,114,16,76,36,117,40,113,17,41,45,18,44,22,47,112,46,111,50,51,107,110,61,68,91,62,93,86,64,85,71,73,79,92,63,74,103,65,69,77,70,96,67,87,66,78,72,100
1,0,2,3,4,5,7,20,108,134,105,6,98,23,57,104,154,157,83,13,8,31,27,153,80,52,170,25,171,48,55,169,166,160,172,161,94,168,167,38,9,163,155,133,89,124,159,162,148,156,147,165,135,150,81,54,146,173,158,144,151,164,149,152,142,101,127,140,141,145,143,11,10,106,42,139,138,59,115,97,136,109,12,75,137,84,88,34,125,58,19,99,28,128,56,32,53,26,49,24,129,95,39,14,130,116,132,102,21,126,131,120,122,123,43,121,29,90,35,30,119,118,33,60,15,37,82,114,16,76,36,117,40,113,17,41,45,18,44,22,47,112,46,111,50,51,107,110,61,68,91,62,93,86,64,85,71,73,79,92,63,74,103,65,69,77,70,96,67,87,66,78,72,100
1,0,2,3,4,5,7,20,108,134,105,6,98,23,57,104,154,157,83,13,8,31,27,153,80,52,170,25,171,48,55,174,169,166,160,172,161,94,168,167,38,9,163,155,133,89,124,159,162,148,156,147,165,135,150,81,54,146,173,158,144,151,164,149,152,142,101,127,140,141,145,143,11,10,106,42,139,138,59,115,97,136,109,12,75,137,84,88,34,125,58,19,99,28,128,56,32,53,26,49,24,129,95,39,14,130,116,132,102,21,126,131,120,122,123,43,121,29,90,35,30,119,118,33,60,15,37,82,114,16,76,36,117,40,113,17,41,45,18,44,22,47,112,46,111,50,51,107,110,61,68,91,62,93,86,64,85,71,73,79,92,63,74,103,65,69,77,70,96,67,87,66,78,72,100
1,0,2,3,4,5,7,20,108,134,105,6,98,23,57,104,154,157,83,13,8,31,175,27,153,80,52,170,25,171,48,55,174,169,166,160,172,161,94,168,167,38,9,163,155,133,89,124,159,162,148,156,147,165,135,150,81,54,146,173,158,144,151,164,149,152,142,101,127,140,141,145,143,11,10,106,42,139,138,59,115,97,136,109,12,75,137,84,88,34,125,58,19,99,28,128,56,32,53,26,49,24,129,95,39,14,130,116,132,102,21,126,131,120,122,123,43,121,29,90,35,30,119,118,33,60,15,37,82,114,16,76,36,117,40,113,17,41,45,18,44,22,47,112,46,111,50,51,107,110,61,68,91,62,93,86,64,85,71,73,79,92,63,74,103,65,69,77,70,96,67,87,66,78,72,100
1,0,2,3,4,5,7,20,108,134,105,6,98,23,57,104,154,157,83,13,8,31,175,176,27,153,80,52,170,25,171,48,55,174,169,166,160,172,161,94,168,167,38,9,163,155,133,89,124,159,162,148,156,147,165,135,150,81,54,146,173,158,144,151,164,149,152,142,101,127,140,141,145,143,11,10,106,42,139,138,59,115,97,136,109,12,75,137,84,88,34,125,58,19,99,28,128,56,32,53,26,49,24,129,95,39,14,130,116,132,102,21,126,131,120,122,123,43,121,29,90,35,30,119,118,33,60,15,37,82,114,16,76,36,117,40,113,17,41,45,18,44,22,47,112,46,111,50,51,107,110,61,68,91,62,93,86,64,85,71,73,79,92,63,74,103,65,69,77,70,96,67,87,66,78,72,100
1,0,2,3,4,5,7,20,108,134,105,6,98,23,57,104,154,157,83,13,8,31,175,176,27,153,177,80,52,170,25,171,48,55,174,169,166,160,172,161,94,168,167,38,9,163,155,133,89,124,159,162,148,156,147,165,135,150,81,54,146,173,158,144,151,164,149,152,142,101,127,140,141,145,143,11,10,106,42,139,138,59,115,97,136,109,12,75,137,84,88,34,125,58,19,99,28,128,56,32,53,26,49,24,129,95,39,14,130,116,132,102,21,126,131,120,122,123,43,121,29,90,35,30,119,118,33,60,15,37,82,114,16,76,36,117,40,113,17,41,45,18,44,22,47,112,46,111,50,51,107,110,61,68,91,62,93,86,64,85,71,73,79,92,63,74,103,65,69,77,70,96,67,87,66,78,72,100
1,0,2,3,4,5,7,20,108,134,105,6,98,23,57,104,154,157,83,13,8,31,175,176,27,153,177,80,52,170,25,171,48,55,178,174,169,166,160,172,161,94,168,167,38,9,163,155,133,89,124,159,162,148,156,147,165,135,150,81,54,146,173,158,144,151,164,149,152,142,101,127,140,141,145,143,11,10,106,42,139,138,59,115,97,136,109,12,75,137,84,88,34,125,58,19,99,28,128,56,32,53,26,49,24,129,95,39,14,130,116,132,102,21,126,131,120,122,123,43,121,29,90,35,30,119,118,33,60,15,37,82,114,16,76,36,117,40,113,17,41,45,18,44,22,47,112,46,111,50,51,107,110,61,68,91,62,93,86,64,85,71,73,79,92,63,74,103,65,69,77,70,96,67,87,66,78,72,100
1,0,2,3,4,5,7,20,108,134,105,6,98,23,57,104,154,157,83,13,8,31,175,176,27,153,177,80,52,170,25,179,171,48,55,178,174,169,166,160,172,161,94,168,167,38,9,163,155,133,89,124,159,162,148,156,147,165,135,150,81,54,146,173,158,144,151,164,149,152,142,101,127,140,141,145,143,11,10,106,42,139,138,59,115,97,136,109,12,75,137,84,88,34,125,58,19,99,28,128,56,32,53,26,49,24,129,95,39,14,130,116,132,102,21,126,131,120,122,123,43,121,29,90,35,30,119,118,33,60,15,37,82,114,16,76,36,117,40,113,17,41,45,18,44,22,47,112,46,111,50,51,107,110,61,68,91,62,93,86,64,85,71,73,79,92,63,74,103,65,69,77,70,96,67,87,66,78,72,100
1,0,2,3,4,5,7,20,108,134,105,6,98,23,57,104,154,157,83,13,8,31,175,176,27,153,177,80,180,52,170,25,179,171,48,55,178,174,169,166,160,172,161,94,168,167,38,9,163,155,133,89,124,159,162,148,156,147,165,135,150,81,54,146,173,158,144,151,164,149,152,142,101,127,140,141,145,143,11,10,106,42,139,138,59,115,97,136,109,12,75,137,84,88,34,125,58,19,99,28,128,56,32,53,26,49,24,129,95,39,14,130,116,132,102,21,126,131,120,122,123,43,121,29,90,35,30,119,118,33,60,15,37,82,114,16,76,36,117,40,113,17,41,45,18,44,22,47,112,46,111,50,51,107,110,61,68,91,62,93,86,64,85,71,73,79,92,63,74,103,65,69,77,70,96,67,87,66,78,72,100
1,0,2,3,4,5,7,20,108,134,105,6,98,23,57,104,154,157,83,13,8,31,175,176,27,153,177,80,180,52,181,170,25,179,171,48,55,178,174,169,166,160,172,161,94,168,167,38,9,163,155,133,89,124,159,162,148,156,147,165,135,150,81,54,146,173,158,144,151,164,149,152,142,101,127,140,141,145,143,11,10,106,42,139,138,59,115,97,136,109,12,75,137,84,88,34,125,58,19,99,28,128,56,32,53,26,49,24,129,95,39,14,130,116,132,102,21,126,131,120,122,123,43,121,29,90,35,30,119,118,33,60,15,37,82,114,16,76,36,117,40,113,17,41,45,18,44,22,47,112,46,111,50,51,107,110,61,68,91,62,93,86,64,85,71,73,79,92,63,74,103,65,69,77,70,96,67,87,66,78,72,100
1,0,2,3,4,5,7,20,108,134,105,6,98,23,57,182,104,154,157,83,13,8,31,175,176,27,153,177,80,180,52,181,170,25,179,171,48,55,178,174,169,166,160,172,161,94,168,167,38,9,163,155,133,89,124,159,162,148,156,147,165,135,150,81,54,146,173,158,144,151,164,149,152,142,101,127,140,141,145,143,11,10,106,42,139,138,59,115,97,136,109,12,75,137,84,88,34,125,58,19,99,28,128,56,32,53,26,49,24,129,95,39,14,130,116,132,102,21,126,131,120,122,123,43,121,29,90,35,30,119,118,33,60,15,37,82,114,16,76,36,117,40,113,17,41,45,18,44,22,47,112,46,111,50,51,107,110,61,68,91,62,93,86,64,85,71,73,79,92,63,74,103,65,69,77,70,96,67,87,66,78,72,100
1,0,2,3,4,5,7,20,108,134,105,6,98,23,57,182,104,154,157,83,13,8,31,175,176,27,153,177,80,180,52,181,170,183,25,179,171,48,55,178,174,169,166,160,172,161,94,168,167,38,9,163,155,133,89,124,159,162,148,156,147,165,135,150,81,54,146,173,158,144,151,164,149,152,142,101,127,140,141,145,143,11,10,106,42,139,138,59,115,97,136,109,12,75,137,84,88,34,125,58,19,99,28,128,56,32,53,26,49,24,129,95,39,14,130,116,132,102,21,126,131,120,122,123,43,121,29,90,35,30,119,118,33,60,15,37,82,114,16,76,36,117,40,113,17,41,45,18,44,22,47,112,46,111,50,51,107,110,61,68,91,62,93,86,64,85,71,73,79,92,63,74,103,65,69,77,70,96,67,87,66,78,72,100
1,0,2,3,4,5,7,20,108,134,105,6,98,23,57,182,104,154,157,83,13,8,31,175,176,27,153,177,80,180,52,181,170,183,25,179,171,48,55,178,174,169,166,160,172,161,94,168,167,38,9,163,155,133,89,124,159,162,148,156,184,147,165,135,150,81,54,146,173,158,144,151,164,149,152,142,101,127,140,141,145,143,11,10,106,42,139,138,59,115,97,136,109,12,75,137,84,88,34,125,58,19,99,28,128,56,32,53,26,49,24,129,95,39,14,130,116,132,102,21,126,131,120,122,123,43,121,29,90,35,30,119,118,33,60,15,37,82,114,16,76,36,117,40,113,17,41,45,18,44,22,47,112,46,111,50,51,107,110,61,68,91,62,93,86,64,85,71,73,79,92,63,74,103,65,69,77,70,96,67,87,66,78,72,100
1,0,2,3,4,5,7,20,108,134,105,6,98,23,57,182,104,154,157,83,13,8,31,175,176,27,153,177,80,180,52,181,170,183,25,179,171,48,55,178,174,169,166,160,172,161,94,168,167,38,9,185,163,155,133,89,124,159,162,148,156,184,147,165,135,150,81,54,146,173,158,144,151,164,149,152,142,101,127,140,141,145,143,11,10,106,42,139,138,59,115,97,136,109,12,75,137,84,88,34,125,58,19,99,28,128,56,32,53,26,49,24,129,95,39,14,130,116,132,102,21,126,131,120,122,123,43,121,29,90,35,30,119,118,33,60,15,37,82,114,16,76,36,117,40,113,17,41,45,18,44,22,47,112,46,111,50,51,107,110,61,68,91,62,93,86,64,85,71,73,79,92,63,74,103,65,69,77,70,96,67,87,66,78,72,100
1,0,2,3,4,5,7,20,108,134,105,6,98,23,57,182,104,154,157,83,13,8,31,175,176,27,153,177,80,180,52,181,170,183,25,179,171,48,186,55,178,174,169,166,160,172,161,94,168,167,38,9,185,163,155,133,89,124,159,162,148,156,184,147,165,135,150,81,54,146,173,158,144,151,164,149,152,142,101,127,140,141,145,143,11,10,106,42,139,138,59,115,97,136,109,12,75,137,84,88,34,125,58,19,99,28,128,56,32,53,26,49,24,129,95,39,14,130,116,132,102,21,126,131,120,122,123,43,121,29,90,35,30,119,118,33,60,15,37,82,114,16,76,36,117,40,113,17,41,45,18,44,22,47,112,46,111,50,51,107,110,61,68,91,62,93,86,64,85,71,73,79,92,63,74,103,65,69,77,70,96,67,87,66,78,72,100
1,0,2,3,4,5,7,20,108,134,105,6,98,23,57,182,104,154,157,83,13,8,31,175,176,27,153,177,80,180,52,181,170,183,25,187,179,171,48,186,55,178,174,169,166,160,172,161,94,168,167,38,9,185,163,155,133,89,124,159,162,148,156,184,147,165,135,150,81,54,146,173,158,144,151,164,149,152,142,101,127,140,141,145,143,11,10,106,42,139,138,59,115,97,136,109,12,75,137,84,88,34,125,58,19,99,28,128,56,32,53,26,49,24,129,95,39,14,130,116,132,102,21,126,131,120,122,123,43,121,29,90,35,30,119,118,33,60,15,37,82,114,16,76,36,117,40,113,17,41,45,18,44,22,47,112,46,111,50,51,107,110,61,68,91,62,93,86,64,85,71,73,79,92,63,74,103,65,69,77,70,96,67,87,66,78,72,100
1,0,2,3,4,5,7,20,108,134,105,6,98,23,57,182,104,154,157,83,188,13,8,31,175,176,27,153,177,80,180,52,181,170,183,25,187,179,171,48,186,55,178,174,169,166,160,172,161,94,168,167,38,9,185,163,155,133,89,124,159,162,148,156,184,147,165,135,150,81,54,146,173,158,144,151,164,149,152,142,101,127,140,141,145,143,11,10,106,42,139,138,59,115,97,136,109,12,75,137,84,88,34,125,58,19,99,28,128,56,32,53,26,49,24,129,95,39,14,130,116,132,102,21,126,131,120,122,123,43,121,29,90,35,30,119,118,33,60,15,37,82,114,16,76,36,117,40,113,17,41,45,18,44,22,47,112,46,111,50,51,107,110,61,68,91,62,93,86,64,85,71,73,79,92,63,74,103,65,69,77,70,96,67,87,66,78,72,100
1,0,2,3,4,5,189,7,20,108,134,105,6,98,23,57,182,104,154,157,83,188,13,8,31,175,176,27,153,177,80,180,52,181,170,183,25,187,179,171,48,186,55,178,174,169,166,160,172,161,94,168,167,38,9,185,163,155,133,89,124,159,162,148,156,184,147,165,135,150,81,54,146,173,158,144,151,164,149,152,142,101,127,140,141,145,143,11,10,106,42,139,138,59,115,97,136,109,12,75,137,84,88,34,125,58,19,99,28,128,56,32,53,26,49,24,129,95,39,14,130,116,132,102,21,126,131,120,122,123,43,121,29,90,35,30,119,118,33,60,15,37,82,114,16,76,36,117,40,113,17,41,45,18,44,22,47,112,46,111,50,51,107,110,61,68,91,62,93,86,64,85,71,73,79,92,63,74,103,65,69,77,70,96,67,87,66,78,72,100
1,0,2,3,4,5,189,7,20,108,134,105,6,98,23,57,182,104,154,157,83,188,13,8,31,175,176,27,153,177,80,180,52,190,181,170,183,25,187,179,171,48,186,55,178,174,169,166,160,172,161,94,168,167,38,9,185,163,155,133,89,124,159,162,148,156,184,147,165,135,150,81,54,146,173,158,144,151,164,149,152,142,101,127,140,141,145,143,11,10,106,42,139,138,59,115,97,136,109,12,75,137,84,88,34,125,58,19,99,28,128,56,32,53,26,49,24,129,95,39,14,130,116,132,102,21,126,131,120,122,123,43,121,29,90,35,30,119,118,33,60,15,37,82,114,16,76,36,117,40,113,17,41,45,18,44,22,47,112,46,111,50,51,107,110,61,68,91,62,93,86,64,85,71,73,79,92,63,74,103,65,69,77,70,96,67,87,66,78,72,100
1,0,2,3,4,5,189,7,20,108,134,105,6,98,23,57,182,104,154,157,83,188,13,8,191,31,175,176,27,153,177,80,180,52,190,181,170,183,25,187,179,171,48,186,55,178,174,169,166,160,172,161,94,168,167,38,9,185,163,155,133,89,124,159,162,148,156,184,147,165,135,150,81,54,146,173,158,144,151,164,149,152,142,101,127,140,141,145,143,11,10,106,42,139,138,59,115,97,136,109,12,75,137,84,88,34,125,58,19,99,28,128,56,32,53,26,49,24,129,95,39,14,130,116,132,102,21,126,131,120,122,123,43,121,29,90,35,30,119,118,33,60,15,37,82,114,16,76,36,117,40,113,17,41,45,18,44,22,47,112,46,111,50,51,107,110,61,68,91,62,93,86,64,85,71,73,79,92,63,74,103,65,69,77,70,96,67,87,66,78,72,100
1,0,2,3,4,5,189,7,20,108,134,105,6,98,23,57,182,104,192,154,157,83,188,13,8,191,31,175,176,27,153,177,80,180,52,190,181,170,183,25,187,179,171,48,186,55,178,174,169,166,160,172,161,94,168,167,38,9,185,163,155,133,89,124,159,162,148,156,184,147,165,135,150,81,54,146,173,158,144,151,164,149,152,142,101,127,140,141,145,143,11,10,106,42,139,138,59,115,97,136,109,12,75,137,84,88,34,125,58,19,99,28,128,56,32,53,26,49,24,129,95,39,14,130,116,132,102,21,126,131,120,122,123,43,121,29,90,35,30,119,118,33,60,15,37,82,114,16,76,36,117,40,113,17,41,45,18,44,22,47,112,46,111,50,51,107,110,61,68,91,62,93,86,64,85,71,73,79,92,63,74,103,65,69,77,70,96,67,87,66,78,72,100
1,0,2,3,4,5,189,7,20,108,134,105,6,98,23,57,182,104,192,154,157,83,188,13,8,191,31,175,176,27,153,177,80,180,52,190,181,170,183,25,193,187,179,171,48,186,55,178,174,169,166,160,172,161,94,168,167,38,9,185,163,155,133,89,124,159,162,148,156,184,147,165,135,150,81,54,146,173,158,144,151,164,149,152,142,101,127,140,141,145,143,11,10,106,42,139,138,59,115,97,136,109,12,75,137,84,88,34,125,58,19,99,28,128,56,32,53,26,49,24,129,95,39,14,130,116,132,102,21,126,131,120,122,123,43,121,29,90,35,30,119,118,33,60,15,37,82,114,16,76,36,117,40,113,17,41,45,18,44,22,47,112,46,111,50,51,107,110,61,68,91,62,93,86,64,85,71,73,79,92,63,74,103,65,69,77,70,96,67,87,66,78,72,100
1,0,2,3,4,5,189,7,20,108,134,105,6,98,23,57,182,104,192,154,194,157,83,188,13,8,191,31,175,176,27,153,177,80,180,52,190,181,170,183,25,193,187,179,171,48,186,55,178,174,169,166,160,172,161,94,168,167,38,9,185,163,155,133,89,124,159,162,148,156,184,147,165,135,150,81,54,146,173,158,144,151,164,149,152,142,101,127,140,141,145,143,11,10,106,42,139,138,59,115,97,136,109,12,75,137,84,88,34,125,58,19,99,28,128,56,32,53,26,49,24,129,95,39,14,130,116,132,102,21,126,131,120,122,123,43,121,29,90,35,30,119,118,33,60,15,37,82,114,16,76,36,117,40,113,17,41,45,18,44,22,47,112,46,111,50,51,107,110,61,68,91,62,93,86,64,85,71,73,79,92,63,74,103,65,69,77,70,96,67,87,66,78,72,100
1,0,2,3,4,5,189,7,20,108,134,105,6,98,23,57,182,104,192,154,195,194,157,83,188,13,8,191,31,175,176,27,153,177,80,180,52,190,181,170,183,25,193,187,179,171,48,186,55,178,174,169,166,160,172,161,94,168,167,38,9,185,163,155,133,89,124,159,162,148,156,184,147,165,135,150,81,54,146,173,158,144,151,164,149,152,142,101,127,140,141,145,143,11,10,106,42,139,138,59,115,97,136,109,12,75,137,84,88,34,125,58,19,99,28,128,56,32,53,26,49,24,129,95,39,14,130,116,132,102,21,126,131,120,122,123,43,121,29,90,35,30,119,118,33,60,15,37,82,114,16,76,36,117,40,113,17,41,45,18,44,22,47,112,46,111,50,51,107,110,61,68,91,62,93,86,64,85,71,73,79,92,63,74,103,65,69,77,70,96,67,87,66,78,72,100
1,0,2,3,4,5,189,7,20,108,134,105,6,98,23,57,182,104,192,154,195,196,194,157,83,188,13,8,191,31,175,176,27,153,177,80,180,52,190,181,170,183,25,193,187,179,171,48,186,55,178,174,169,166,160,172,161,94,168,167,38,9,185,163,155,133,89,124,159,162,148,156,184,147,165,135,150,81,54,146,173,158,144,151,164,149,152,142,101,127,140,141,145,143,11,10,106,42,139,138,59,115,97,136,109,12,75,137,84,88,34,125,58,19,99,28,128,56,32,53,26,49,24,129,95,39,14,130,116,132,102,21,126,131,120,122,123,43,121,29,90,35,30,119,118,33,60,15,37,82,114,16,76,36,117,40,113,17,41,45,18,44,22,47,112,46,111,50,51,107,110,61,68,91,62,93,86,64,85,71,73,79,92,63,74,103,65,69,77,70,96,67,87,66,78,72,100
1,0,2,3,4,5,189,7,20,108,134,105,6,98,23,57,182,104,192,154,195,196,194,157,83,188,13,8,191,31,175,176,27,153,177,80,180,197,52,190,181,170,183,25,193,187,179,171,48,186,55,178,174,169,166,160,172,161,94,168,167,38,9,185,163,155,133,89,124,159,162,148,156,184,147,165,135,150,81,54,146,173,158,144,151,164,149,152,142,101,127,140,141,145,143,11,10,106,42,139,138,59,115,97,136,109,12,75,137,84,88,34,125,58,19,99,28,128,56,32,53,26,49,24,129,95,39,14,130,116,132,102,21,126,131,120,122,123,43,121,29,90,35,30,119,118,33,60,15,37,82,114,16,76,36,117,40,113,17,41,45,18,44,22,47,112,46,111,50,51,107,110,61,68,91,62,93,86,64,85,71,73,79,92,63,74,103,65,69,77,70,96,67,87,66,78,72,100
