1,3,5,9,6,10,8,7,2,0,4
1,3,5,9,6,11,10,8,7,2,0,4
1,3,5,9,6,11,12,10,8,7,2,0,4
1,3,5,9,6,11,12,13,10,8,7,2,0,4
1,3,5,9,6,14,11,12,13,10,8,7,2,0,4
1,3,5,9,6,15,14,11,12,13,10,8,7,2,0,4
1,16,3,5,9,6,15,14,11,12,13,10,8,7,2,0,4
1,16,3,5,9,6,15,14,11,12,13,10,8,7,17,2,0,4
1,16,3,5,9,6,15,14,11,12,13,10,8,7,18,17,2,0,4
1,16,19,3,5,9,6,15,14,11,12,13,10,8,7,18,17,2,0,4
1,16,19,20,3,5,9,6,15,14,11,12,13,10,8,7,18,17,2,0,4
1,16,19,20,3,5,9,6,15,14,11,12,13,10,8,7,18,17,2,0,4,21
1,16,19,20,3,5,22,9,6,15,14,11,12,13,10,8,7,18,17,2,0,4,21
1,16,19,20,3,5,22,9,6,23,15,14,11,12,13,10,8,7,18,17,2,0,4,21
1,16,19,20,3,5,22,9,6,23,15,14,11,24,12,13,10,8,7,18,17,2,0,4,21
1,16,19,20,3,5,22,9,6,25,23,15,14,11,24,12,13,10,8,7,18,17,2,0,4,21
1,16,19,20,3,5,26,22,9,6,25,23,15,14,11,24,12,13,10,8,7,18,17,2,0,4,21
1,16,19,20,3,5,26,22,9,6,25,23,15,14,27,11,24,12,13,10,8,7,18,17,2,0,4,21
1,16,19,20,3,5,26,22,9,6,28,25,23,15,14,27,11,24,12,13,10,8,7,18,17,2,0,4,21
1,16,19,20,3,5,26,22,9,6,28,25,23,29,15,14,27,11,24,12,13,10,8,7,18,17,2,0,4,21
1,16,19,20,3,5,26,22,9,6,28,25,23,30,29,15,14,27,11,24,12,13,10,8,7,18,17,2,0,4,21
1,16,19,20,31,3,5,26,22,9,6,28,25,23,30,29,15,14,27,11,24,12,13,10,8,7,18,17,2,0,4,21
1,16,19,20,31,3,5,26,22,9,6,28,25,23,30,29,15,14,27,11,24,12,13,10,32,8,7,18,17,2,0,4,21
1,16,19,20,31,3,5,26,22,9,6,28,25,33,23,30,29,15,14,27,11,24,12,13,10,32,8,7,18,17,2,0,4,21
1,34,16,19,20,31,3,5,26,22,9,6,28,25,33,23,30,29,15,14,27,11,24,12,13,10,32,8,7,18,17,2,0,4,21
1,34,16,19,20,31,3,5,26,22,9,6,28,25,33,23,30,29,15,14,27,11,24,12,13,10,32,8,7,18,17,2,0,35,4,21
1,34,36,16,19,20,31,3,5,26,22,9,6,28,25,33,23,30,29,15,14,27,11,24,12,13,10,32,8,7,18,17,2,0,35,4,21
1,34,36,16,19,20,31,3,5,26,22,9,6,28,25,33,23,30,29,15,14,27,11,24,12,13,10,32,8,7,18,17,2,0,37,35,4,21
1,34,36,16,19,20,31,3,5,26,38,22,9,6,28,25,33,23,30,29,15,14,27,11,24,12,13,10,32,8,7,18,17,2,0,37,35,4,21
1,34,36,16,19,20,31,3,5,39,26,38,22,9,6,28,25,33,23,30,29,15,14,27,11,24,12,13,10,32,8,7,18,17,2,0,37,35,4,21
1,34,36,16,19,20,31,3,5,40,39,26,38,22,9,6,28,25,33,23,30,29,15,14,27,11,24,12,13,10,32,8,7,18,17,2,0,37,35,4,21
1,34,36,16,19,20,31,3,5,40,39,41,26,38,22,9,6,28,25,33,23,30,29,15,14,27,11,24,12,13,10,32,8,7,18,17,2,0,37,35,4,21
1,34,36,16,19,20,31,3,5,40,42,39,41,26,38,22,9,6,28,25,33,23,30,29,15,14,27,11,24,12,13,10,32,8,7,18,17,2,0,37,35,4,21
1,34,36,16,19,20,31,43,3,5,40,42,39,41,26,38,22,9,6,28,25,33,23,30,29,15,14,27,11,24,12,13,10,32,8,7,18,17,2,0,37,35,4,21
1,34,36,16,19,20,31,43,3,5,40,42,39,41,26,38,22,9,6,28,25,33,23,30,29,15,14,27,44,11,24,12,13,10,32,8,7,18,17,2,0,37,35,4,21
1,45,34,36,16,19,20,31,43,3,5,40,42,39,41,26,38,22,9,6,28,25,33,23,30,29,15,14,27,44,11,24,12,13,10,32,8,7,18,17,2,0,37,35,4,21
1,45,34,36,16,19,20,31,43,3,5,40,42,39,41,26,38,22,9,6,28,25,33,23,30,29,15,14,27,44,11,24,12,13,10,32,8,7,18,17,2,0,37,46,35,4,21
1,45,34,36,16,19,20,31,43,3,47,5,40,42,39,41,26,38,22,9,6,28,25,33,23,30,29,15,14,27,44,11,24,12,13,10,32,8,7,18,17,2,0,37,46,35,4,21
1,45,34,36,16,19,20,31,43,3,47,5,40,42,39,48,41,26,38,22,9,6,28,25,33,23,30,29,15,14,27,44,11,24,12,13,10,32,8,7,18,17,2,0,37,46,35,4,21
1,45,34,36,16,19,20,31,43,3,47,49,5,40,42,39,48,41,26,38,22,9,6,28,25,33,23,30,29,15,14,27,44,11,24,12,13,10,32,8,7,18,17,2,0,37,46,35,4,21
1,45,34,36,16,19,20,31,50,43,3,47,49,5,40,42,39,48,41,26,38,22,9,6,28,25,33,23,30,29,15,14,27,44,11,24,12,13,10,32,8,7,18,17,2,0,37,46,35,4,21
1,45,34,36,16,19,20,31,50,43,3,47,49,5,40,42,39,48,41,26,38,22,9,6,28,25,33,23,30,29,15,14,27,44,11,24,12,13,10,51,32,8,7,18,17,2,0,37,46,35,4,21
1,45,34,36,16,19,20,31,50,43,3,47,49,52,5,40,42,39,48,41,26,38,22,9,6,28,25,33,23,30,29,15,14,27,44,11,24,12,13,10,51,32,8,7,18,17,2,0,37,46,35,4,21
1,45,34,36,16,19,20,31,53,50,43,3,47,49,52,5,40,42,39,48,41,26,38,22,9,6,28,25,33,23,30,29,15,14,27,44,11,24,12,13,10,51,32,8,7,18,17,2,0,37,46,35,4,21
1,45,34,36,16,19,20,31,53,50,43,3,47,49,52,5,40,42,39,48,41,26,38,22,9,6,28,25,33,54,23,30,29,15,14,27,44,11,24,12,13,10,51,32,8,7,18,17,2,0,37,46,35,4,21
1,45,34,36,16,19,20,31,53,55,50,43,3,47,49,52,5,40,42,39,48,41,26,38,22,9,6,28,25,33,54,23,30,29,15,14,27,44,11,24,12,13,10,51,32,8,7,18,17,2,0,37,46,35,4,21
1,45,34,36,56,16,19,20,31,53,55,50,43,3,47,49,52,5,40,42,39,48,41,26,38,22,9,6,28,25,33,54,23,30,29,15,14,27,44,11,24,12,13,10,51,32,8,7,18,17,2,0,37,46,35,4,21
1,45,34,36,56,16,19,20,31,53,55,50,43,3,47,49,52,5,40,42,39,48,41,26,38,22,9,6,28,25,33,54,23,30,29,15,14,27,44,11,24,12,13,10,51,32,57,8,7,18,17,2,0,37,46,35,4,21
1,45,58,34,36,56,16,19,20,31,53,55,50,43,3,47,49,52,5,40,42,39,48,41,26,38,22,9,6,28,25,33,54,23,30,29,15,14,27,44,11,24,12,13,10,51,32,57,8,7,18,17,2,0,37,46,35,4,21
1,45,58,34,36,56,16,19,20,31,53,55,50,43,3,47,49,52,5,40,42,39,48,41,26,38,22,9,6,28,25,33,54,23,30,29,15,14,27,44,11,24,12,13,10,51,32,57,8,7,18,59,17,2,0,37,46,35,4,21
1,45,58,34,36,56,16,19,20,31,53,55,50,43,3,47,49,52,5,40,42,39,48,41,26,38,22,9,6,28,25,33,54,23,30,29,15,60,14,27,44,11,24,12,13,10,51,32,57,8,7,18,59,17,2,0,37,46,35,4,21
1,45,58,34,36,56,16,19,20,31,53,55,50,43,3,47,49,61,52,5,40,42,39,48,41,26,38,22,9,6,28,25,33,54,23,30,29,15,60,14,27,44,11,24,12,13,10,51,32,57,8,7,18,59,17,2,0,37,46,35,4,21
1,45,58,34,36,56,16,19,20,31,53,62,55,50,43,3,47,49,61,52,5,40,42,39,48,41,26,38,22,9,6,28,25,33,54,23,30,29,15,60,14,27,44,11,24,12,13,10,51,32,57,8,7,18,59,17,2,0,37,46,35,4,21
1,45,58,34,36,56,16,19,20,31,53,62,55,50,43,3,47,49,61,52,5,40,63,42,39,48,41,26,38,22,9,6,28,25,33,54,23,30,29,15,60,14,27,44,11,24,12,13,10,51,32,57,8,7,18,59,17,2,0,37,46,35,4,21
1,45,58,34,36,56,16,19,20,31,53,62,64,55,50,43,3,47,49,61,52,5,40,63,42,39,48,41,26,38,22,9,6,28,25,33,54,23,30,29,15,60,14,27,44,11,24,12,13,10,51,32,57,8,7,18,59,17,2,0,37,46,35,4,21
1,45,58,34,36,56,16,19,20,31,53,62,64,55,50,43,3,47,49,61,52,5,40,63,42,39,48,41,26,38,22,9,6,28,25,33,65,54,23,30,29,15,60,14,27,44,11,24,12,13,10,51,32,57,8,7,18,59,17,2,0,37,46,35,4,21
1,45,58,34,36,56,16,19,20,31,53,62,64,55,50,43,3,47,49,61,52,5,40,63,42,39,48,66,41,26,38,22,9,6,28,25,33,65,54,23,30,29,15,60,14,27,44,11,24,12,13,10,51,32,57,8,7,18,59,17,2,0,37,46,35,4,21
67,1,45,58,34,36,56,16,19,20,31,53,62,64,55,50,43,3,47,49,61,52,5,40,63,42,39,48,66,41,26,38,22,9,6,28,25,33,65,54,23,30,29,15,60,14,27,44,11,24,12,13,10,51,32,57,8,7,18,59,17,2,0,37,46,35,4,21
67,1,45,58,34,36,56,16,19,20,31,53,62,64,55,50,43,3,47,49,61,52,5,40,63,42,39,48,66,41,26,38,22,9,6,28,25,33,65,54,23,30,29,15,60,14,27,44,11,24,12,13,10,51,32,57,8,7,18,59,17,2,0,37,46,35,4,21,68
67,1,45,58,34,36,56,16,19,20,31,53,62,64,55,50,43,3,47,49,61,52,5,40,69,63,42,39,48,66,41,26,38,22,9,6,28,25,33,65,54,23,30,29,15,60,14,27,44,11,24,12,13,10,51,32,57,8,7,18,59,17,2,0,37,46,35,4,21,68
67,1,45,58,34,36,56,16,19,20,31,53,62,64,55,50,43,3,47,49,61,52,5,40,70,69,63,42,39,48,66,41,26,38,22,9,6,28,25,33,65,54,23,30,29,15,60,14,27,44,11,24,12,13,10,51,32,57,8,7,18,59,17,2,0,37,46,35,4,21,68
67,1,45,58,34,36,56,16,19,20,31,53,62,64,55,50,43,3,47,49,61,52,71,5,40,70,69,63,42,39,48,66,41,26,38,22,9,6,28,25,33,65,54,23,30,29,15,60,14,27,44,11,24,12,13,10,51,32,57,8,7,18,59,17,2,0,37,46,35,4,21,68
67,1,45,58,34,36,56,16,19,20,31,53,72,62,64,55,50,43,3,47,49,61,52,71,5,40,70,69,63,42,39,48,66,41,26,38,22,9,6,28,25,33,65,54,23,30,29,15,60,14,27,44,11,24,12,13,10,51,32,57,8,7,18,59,17,2,0,37,46,35,4,21,68
67,1,45,58,34,36,56,16,19,20,31,53,72,62,64,55,50,43,3,47,49,61,52,71,5,40,70,69,63,42,39,48,66,41,26,38,22,9,6,28,25,33,65,54,23,30,29,15,60,14,27,44,11,24,12,13,10,51,32,57,8,73,7,18,59,17,2,0,37,46,35,4,21,68
67,1,45,58,34,36,56,16,19,20,31,53,72,62,64,55,50,43,3,47,49,61,52,71,74,5,40,70,69,63,42,39,48,66,41,26,38,22,9,6,28,25,33,65,54,23,30,29,15,60,14,27,44,11,24,12,13,10,51,32,57,8,73,7,18,59,17,2,0,37,46,35,4,21,68
67,1,45,58,34,36,56,75,16,19,20,31,53,72,62,64,55,50,43,3,47,49,61,52,71,74,5,40,70,69,63,42,39,48,66,41,26,38,22,9,6,28,25,33,65,54,23,30,29,15,60,14,27,44,11,24,12,13,10,51,32,57,8,73,7,18,59,17,2,0,37,46,35,4,21,68
67,1,45,58,34,36,56,75,16,19,20,31,53,72,62,64,55,50,43,3,47,49,61,52,71,74,5,40,70,69,63,42,39,48,66,41,26,38,22,9,6,28,25,33,65,54,23,30,29,15,60,14,27,44,11,24,12,13,10,51,32,57,8,73,7,18,76,59,17,2,0,37,46,35,4,21,68
67,1,45,58,34,36,56,75,16,19,20,31,53,72,62,64,55,50,43,3,47,49,61,52,71,74,5,40,70,69,63,42,39,48,66,41,26,38,22,9,77,6,28,25,33,65,54,23,30,29,15,60,14,27,44,11,24,12,13,10,51,32,57,8,73,7,18,76,59,17,2,0,37,46,35,4,21,68
67,1,45,58,34,36,56,75,16,19,20,31,53,72,62,64,55,50,43,3,47,49,61,52,71,74,5,40,70,69,63,42,78,39,48,66,41,26,38,22,9,77,6,28,25,33,65,54,23,30,29,15,60,14,27,44,11,24,12,13,10,51,32,57,8,73,7,18,76,59,17,2,0,37,46,35,4,21,68
67,1,45,58,34,36,56,75,16,19,20,31,53,72,62,64,55,50,43,3,79,47,49,61,52,71,74,5,40,70,69,63,42,78,39,48,66,41,26,38,22,9,77,6,28,25,33,65,54,23,30,29,15,60,14,27,44,11,24,12,13,10,51,32,57,8,73,7,18,76,59,17,2,0,37,46,35,4,21,68
67,1,45,58,34,36,56,75,16,19,20,31,53,72,62,64,55,50,43,3,79,47,49,61,52,71,74,5,40,70,69,63,42,78,39,80,48,66,41,26,38,22,9,77,6,28,25,33,65,54,23,30,29,15,60,14,27,44,11,24,12,13,10,51,32,57,8,73,7,18,76,59,17,2,0,37,46,35,4,21,68
67,1,45,58,34,36,56,75,16,19,20,31,53,72,62,64,55,50,43,3,79,47,49,61,81,52,71,74,5,40,70,69,63,42,78,39,80,48,66,41,26,38,22,9,77,6,28,25,33,65,54,23,30,29,15,60,14,27,44,11,24,12,13,10,51,32,57,8,73,7,18,76,59,17,2,0,37,46,35,4,21,68
67,1,45,58,34,36,56,75,16,19,20,31,53,72,62,64,55,50,43,3,79,47,49,61,81,52,71,74,5,40,70,82,69,63,42,78,39,80,48,66,41,26,38,22,9,77,6,28,25,33,65,54,23,30,29,15,60,14,27,44,11,24,12,13,10,51,32,57,8,73,7,18,76,59,17,2,0,37,46,35,4,21,68
67,1,45,58,34,36,56,75,16,19,20,31,53,72,62,64,55,50,43,3,79,47,49,61,81,52,71,74,5,40,70,82,69,63,42,78,39,80,48,66,41,26,38,22,9,77,6,28,25,33,65,54,23,30,29,83,15,60,14,27,44,11,24,12,13,10,51,32,57,8,73,7,18,76,59,17,2,0,37,46,35,4,21,68
67,1,45,58,34,36,56,75,16,19,20,31,53,72,62,84,64,55,50,43,3,79,47,49,61,81,52,71,74,5,40,70,82,69,63,42,78,39,80,48,66,41,26,38,22,9,77,6,28,25,33,65,54,23,30,29,83,15,60,14,27,44,11,24,12,13,10,51,32,57,8,73,7,18,76,59,17,2,0,37,46,35,4,21,68
67,1,45,58,34,36,56,75,16,19,20,31,53,72,62,84,64,55,50,43,3,79,47,49,61,81,52,71,74,5,40,70,82,69,63,42,78,85,39,80,48,66,41,26,38,22,9,77,6,28,25,33,65,54,23,30,29,83,15,60,14,27,44,11,24,12,13,10,51,32,57,8,73,7,18,76,59,17,2,0,37,46,35,4,21,68
67,1,45,58,34,36,56,75,16,19,20,31,53,72,62,84,64,55,50,43,3,79,47,49,61,81,52,71,74,5,86,40,70,82,69,63,42,78,85,39,80,48,66,41,26,38,22,9,77,6,28,25,33,65,54,23,30,29,83,15,60,14,27,44,11,24,12,13,10,51,32,57,8,73,7,18,76,59,17,2,0,37,46,35,4,21,68
67,1,45,58,34,36,56,75,16,19,20,31,53,72,62,84,64,55,50,43,3,79,47,87,49,61,81,52,71,74,5,86,40,70,82,69,63,42,78,85,39,80,48,66,41,26,38,22,9,77,6,28,25,33,65,54,23,30,29,83,15,60,14,27,44,11,24,12,13,10,51,32,57,8,73,7,18,76,59,17,2,0,37,46,35,4,21,68
67,1,45,58,34,36,56,75,16,19,20,31,53,72,62,84,64,55,50,43,3,79,47,87,49,61,81,52,71,74,5,86,40,70,82,69,63,42,78,85,39,80,48,66,41,26,38,22,9,77,6,28,25,33,65,54,23,30,88,29,83,15,60,14,27,44,11,24,12,13,10,51,32,57,8,73,7,18,76,59,17,2,0,37,46,35,4,21,68
67,1,45,58,34,36,56,75,16,19,20,31,53,72,62,84,64,55,50,43,3,79,47,87,49,61,81,52,71,74,5,86,40,70,82,89,69,63,42,78,85,39,80,48,66,41,26,38,22,9,77,6,28,25,33,65,54,23,30,88,29,83,15,60,14,27,44,11,24,12,13,10,51,32,57,8,73,7,18,76,59,17,2,0,37,46,35,4,21,68
67,90,1,45,58,34,36,56,75,16,19,20,31,53,72,62,84,64,55,50,43,3,79,47,87,49,61,81,52,71,74,5,86,40,70,82,89,69,63,42,78,85,39,80,48,66,41,26,38,22,9,77,6,28,25,33,65,54,23,30,88,29,83,15,60,14,27,44,11,24,12,13,10,51,32,57,8,73,7,18,76,59,17,2,0,37,46,35,4,21,68
67,90,1,45,58,34,36,56,75,16,19,20,31,53,72,62,84,64,55,50,43,3,79,47,87,49,61,81,52,71,74,5,86,40,70,82,89,69,63,42,78,85,39,80,48,66,41,26,38,22,9,77,6,28,25,33,65,54,23,30,88,29,83,15,60,14,27,44,11,24,12,13,10,51,32,57,8,73,7,18,76,59,17,2,0,37,46,35,4,91,21,68
67,90,1,45,58,34,36,56,75,16,19,20,31,53,72,62,84,64,55,50,43,3,79,47,87,49,61,81,52,71,74,5,86,40,70,82,89,69,63,42,78,85,39,80,48,66,41,26,38,22,9,77,6,28,25,33,65,54,23,30,88,29,83,15,60,14,27,44,11,24,12,13,10,51,32,57,8,73,7,18,76,92,59,17,2,0,37,46,35,4,91,21,68
67,90,1,45,58,34,36,56,75,16,19,20,31,53,72,62,84,64,55,50,43,3,79,47,87,49,93,61,81,52,71,74,5,86,40,70,82,89,69,63,42,78,85,39,80,48,66,41,26,38,22,9,77,6,28,25,33,65,54,23,30,88,29,83,15,60,14,27,44,11,24,12,13,10,51,32,57,8,73,7,18,76,92,59,17,2,0,37,46,35,4,91,21,68
67,90,1,45,58,34,36,56,75,16,19,20,31,53,72,94,62,84,64,55,50,43,3,79,47,87,49,93,61,81,52,71,74,5,86,40,70,82,89,69,63,42,78,85,39,80,48,66,41,26,38,22,9,77,6,28,25,33,65,54,23,30,88,29,83,15,60,14,27,44,11,24,12,13,10,51,32,57,8,73,7,18,76,92,59,17,2,0,37,46,35,4,91,21,68
67,90,1,45,58,34,36,56,75,16,19,20,31,53,72,94,62,84,64,55,50,43,3,79,47,87,49,93,61,81,52,71,74,5,86,40,70,82,89,69,63,42,78,95,85,39,80,48,66,41,26,38,22,9,77,6,28,25,33,65,54,23,30,88,29,83,15,60,14,27,44,11,24,12,13,10,51,32,57,8,73,7,18,76,92,59,17,2,0,37,46,35,4,91,21,68
67,90,1,45,58,34,36,56,75,16,19,20,31,53,72,94,62,84,64,55,50,43,3,79,47,87,49,96,93,61,81,52,71,74,5,86,40,70,82,89,69,63,42,78,95,85,39,80,48,66,41,26,38,22,9,77,6,28,25,33,65,54,23,30,88,29,83,15,60,14,27,44,11,24,12,13,10,51,32,57,8,73,7,18,76,92,59,17,2,0,37,46,35,4,91,21,68
67,90,1,45,58,34,36,56,75,16,19,20,31,53,72,94,62,84,64,55,50,43,3,79,47,87,49,96,93,61,81,52,71,74,5,86,40,70,82,89,69,63,42,78,95,85,39,97,80,48,66,41,26,38,22,9,77,6,28,25,33,65,54,23,30,88,29,83,15,60,14,27,44,11,24,12,13,10,51,32,57,8,73,7,18,76,92,59,17,2,0,37,46,35,4,91,21,68
67,90,1,45,58,34,36,56,75,16,19,20,31,53,72,94,62,84,64,55,50,43,3,79,47,87,49,96,93,61,81,52,71,74,5,86,40,70,82,89,69,63,42,78,95,85,39,97,80,48,66,41,26,38,22,98,9,77,6,28,25,33,65,54,23,30,88,29,83,15,60,14,27,44,11,24,12,13,10,51,32,57,8,73,7,18,76,92,59,17,2,0,37,46,35,4,91,21,68
67,90,1,45,58,34,36,56,75,16,19,20,31,53,72,94,62,84,64,55,50,43,3,79,47,99,87,49,96,93,61,81,52,71,74,5,86,40,70,82,89,69,63,42,78,95,85,39,97,80,48,66,41,26,38,22,98,9,77,6,28,25,33,65,54,23,30,88,29,83,15,60,14,27,44,11,24,12,13,10,51,32,57,8,73,7,18,76,92,59,17,2,0,37,46,35,4,91,21,68
67,90,1,45,58,34,36,56,75,16,19,20,31,53,72,94,62,84,64,55,50,43,3,79,47,99,87,49,96,93,61,81,52,71,100,74,5,86,40,70,82,89,69,63,42,78,95,85,39,97,80,48,66,41,26,38,22,98,9,77,6,28,25,33,65,54,23,30,88,29,83,15,60,14,27,44,11,24,12,13,10,51,32,57,8,73,7,18,76,92,59,17,2,0,37,46,35,4,91,21,68
67,90,1,45,58,34,36,56,75,16,19,20,31,53,72,94,62,84,64,55,50,43,3,79,47,99,87,49,96,93,61,81,52,71,100,74,5,86,40,70,82,89,69,63,42,78,95,85,39,97,80,48,66,41,101,26,38,22,98,9,77,6,28,25,33,65,54,23,30,88,29,83,15,60,14,27,44,11,24,12,13,10,51,32,57,8,73,7,18,76,92,59,17,2,0,37,46,35,4,91,21,68
67,90,1,45,58,34,36,56,75,16,19,20,31,53,72,94,62,84,64,55,50,43,3,79,47,99,87,49,96,93,61,81,52,71,100,74,5,86,40,70,82,89,69,63,102,42,78,95,85,39,97,80,48,66,41,101,26,38,22,98,9,77,6,28,25,33,65,54,23,30,88,29,83,15,60,14,27,44,11,24,12,13,10,51,32,57,8,73,7,18,76,92,59,17,2,0,37,46,35,4,91,21,68
67,90,1,45,58,34,36,56,75,16,19,20,31,53,72,94,62,84,64,55,50,43,3,79,47,99,87,49,96,93,61,81,52,71,100,74,5,86,40,70,82,89,69,63,102,103,42,78,95,85,39,97,80,48,66,41,101,26,38,22,98,9,77,6,28,25,33,65,54,23,30,88,29,83,15,60,14,27,44,11,24,12,13,10,51,32,57,8,73,7,18,76,92,59,17,2,0,37,46,35,4,91,21,68
67,90,1,45,58,34,36,56,75,16,19,20,31,53,72,94,62,84,64,55,50,43,3,79,47,99,87,49,96,93,61,81,52,71,100,74,5,86,104,40,70,82,89,69,63,102,103,42,78,95,85,39,97,80,48,66,41,101,26,38,22,98,9,77,6,28,25,33,65,54,23,30,88,29,83,15,60,14,27,44,11,24,12,13,10,51,32,57,8,73,7,18,76,92,59,17,2,0,37,46,35,4,91,21,68
67,90,1,45,58,34,36,56,75,16,19,105,20,31,53,72,94,62,84,64,55,50,43,3,79,47,99,87,49,96,93,61,81,52,71,100,74,5,86,104,40,70,82,89,69,63,102,103,42,78,95,85,39,97,80,48,66,41,101,26,38,22,98,9,77,6,28,25,33,65,54,23,30,88,29,83,15,60,14,27,44,11,24,12,13,10,51,32,57,8,73,7,18,76,92,59,17,2,0,37,46,35,4,91,21,68
67,90,1,45,58,34,36,56,75,16,19,105,20,31,53,72,94,62,84,64,55,50,43,3,79,47,99,87,49,96,93,61,81,52,71,100,74,5,86,104,40,70,82,89,69,63,102,103,42,78,95,85,39,97,80,48,66,41,101,26,38,22,98,9,77,6,28,25,33,65,54,23,30,88,29,83,15,60,14,27,44,11,24,12,13,10,51,32,57,8,73,7,18,76,92,106,59,17,2,0,37,46,35,4,91,21,68
67,90,1,45,58,34,36,56,75,16,19,105,20,31,53,72,94,62,84,64,55,50,43,3,79,47,99,87,49,96,93,61,81,52,71,100,74,5,107,86,104,40,70,82,89,69,63,102,103,42,78,95,85,39,97,80,48,66,41,101,26,38,22,98,9,77,6,28,25,33,65,54,23,30,88,29,83,15,60,14,27,44,11,24,12,13,10,51,32,57,8,73,7,18,76,92,106,59,17,2,0,37,46,35,4,91,21,68
108,67,90,1,45,58,34,36,56,75,16,19,105,20,31,53,72,94,62,84,64,55,50,43,3,79,47,99,87,49,96,93,61,81,52,71,100,74,5,107,86,104,40,70,82,89,69,63,102,103,42,78,95,85,39,97,80,48,66,41,101,26,38,22,98,9,77,6,28,25,33,65,54,23,30,88,29,83,15,60,14,27,44,11,24,12,13,10,51,32,57,8,73,7,18,76,92,106,59,17,2,0,37,46,35,4,91,21,68
108,67,90,1,45,58,34,36,56,75,16,19,105,20,31,53,72,94,62,84,64,55,50,43,3,79,47,99,87,49,96,93,61,81,52,71,100,74,5,107,86,104,40,70,82,89,69,63,102,103,42,78,95,85,39,97,80,48,66,41,101,26,38,22,98,9,77,6,28,25,33,65,54,23,30,88,29,83,15,60,14,27,44,11,24,12,13,10,51,32,57,8,73,7,18,76,92,106,59,17,2,0,37,46,35,4,91,21,68,109
108,67,90,1,45,58,34,36,56,75,16,19,105,20,31,53,72,94,62,84,64,55,50,43,3,79,47,99,87,49,96,93,61,81,52,71,100,74,5,107,86,104,40,70,82,89,69,63,102,103,42,78,95,85,39,97,80,48,66,41,101,26,38,22,98,9,77,6,28,25,33,65,54,23,30,88,29,83,15,60,14,27,44,11,24,12,13,10,51,32,57,8,73,7,110,18,76,92,106,59,17,2,0,37,46,35,4,91,21,68,109
108,67,90,1,45,58,34,36,56,75,16,19,105,20,31,53,72,94,62,84,64,55,50,43,3,79,47,99,87,49,96,93,61,81,52,71,100,74,5,107,86,104,40,70,111,82,89,69,63,102,103,42,78,95,85,39,97,80,48,66,41,101,26,38,22,98,9,77,6,28,25,33,65,54,23,30,88,29,83,15,60,14,27,44,11,24,12,13,10,51,32,57,8,73,7,110,18,76,92,106,59,17,2,0,37,46,35,4,91,21,68,109
108,67,90,1,45,58,34,36,56,75,16,19,105,20,31,53,72,94,62,84,64,55,50,43,3,79,47,99,87,49,96,93,61,81,52,71,100,74,5,107,86,104,40,70,111,82,89,69,63,102,103,42,78,95,85,39,97,80,48,66,112,41,101,26,38,22,98,9,77,6,28,25,33,65,54,23,30,88,29,83,15,60,14,27,44,11,24,12,13,10,51,32,57,8,73,7,110,18,76,92,106,59,17,2,0,37,46,35,4,91,21,68,109
108,67,90,1,45,58,34,36,56,75,16,19,105,20,31,53,72,94,62,84,64,55,50,43,3,79,113,47,99,87,49,96,93,61,81,52,71,100,74,5,107,86,104,40,70,111,82,89,69,63,102,103,42,78,95,85,39,97,80,48,66,112,41,101,26,38,22,98,9,77,6,28,25,33,65,54,23,30,88,29,83,15,60,14,27,44,11,24,12,13,10,51,32,57,8,73,7,110,18,76,92,106,59,17,2,0,37,46,35,4,91,21,68,109
108,67,90,1,45,58,34,36,56,75,16,19,105,20,31,53,72,114,94,62,84,64,55,50,43,3,79,113,47,99,87,49,96,93,61,81,52,71,100,74,5,107,86,104,40,70,111,82,89,69,63,102,103,42,78,95,85,39,97,80,48,66,112,41,101,26,38,22,98,9,77,6,28,25,33,65,54,23,30,88,29,83,15,60,14,27,44,11,24,12,13,10,51,32,57,8,73,7,110,18,76,92,106,59,17,2,0,37,46,35,4,91,21,68,109
108,67,90,1,45,58,34,36,56,75,16,19,105,20,31,53,72,114,94,62,84,64,55,50,43,3,79,113,47,99,87,49,96,93,61,81,52,71,100,74,5,107,86,104,40,70,111,82,89,69,63,102,103,42,78,95,85,39,97,80,48,66,112,41,101,26,38,22,98,9,77,6,28,25,33,65,54,23,30,88,29,83,15,60,14,27,44,11,24,12,13,10,51,32,57,8,73,115,7,110,18,76,92,106,59,17,2,0,37,46,35,4,91,21,68,109
108,67,90,1,45,58,34,36,56,75,16,19,105,20,31,53,72,114,94,62,84,64,55,50,43,3,79,113,47,99,87,49,96,93,61,81,52,71,100,74,5,107,86,104,40,70,111,82,89,69,63,102,103,42,78,95,85,39,97,80,48,66,116,112,41,101,26,38,22,98,9,77,6,28,25,33,65,54,23,30,88,29,83,15,60,14,27,44,11,24,12,13,10,51,32,57,8,73,115,7,110,18,76,92,106,59,17,2,0,37,46,35,4,91,21,68,109
108,67,90,1,45,58,34,36,56,75,16,19,105,20,31,53,72,114,94,62,84,64,55,50,43,3,117,79,113,47,99,87,49,96,93,61,81,52,71,100,74,5,107,86,104,40,70,111,82,89,69,63,102,103,42,78,95,85,39,97,80,48,66,116,112,41,101,26,38,22,98,9,77,6,28,25,33,65,54,23,30,88,29,83,15,60,14,27,44,11,24,12,13,10,51,32,57,8,73,115,7,110,18,76,92,106,59,17,2,0,37,46,35,4,91,21,68,109
108,67,90,1,45,58,34,36,56,75,16,19,105,20,31,53,72,114,94,62,84,64,55,50,43,118,3,117,79,113,47,99,87,49,96,93,61,81,52,71,100,74,5,107,86,104,40,70,111,82,89,69,63,102,103,42,78,95,85,39,97,80,48,66,116,112,41,101,26,38,22,98,9,77,6,28,25,33,65,54,23,30,88,29,83,15,60,14,27,44,11,24,12,13,10,51,32,57,8,73,115,7,110,18,76,92,106,59,17,2,0,37,46,35,4,91,21,68,109
108,67,90,1,45,58,34,36,56,75,16,19,105,20,31,53,72,114,94,62,84,64,55,50,43,118,3,117,79,113,47,99,87,49,96,93,61,81,52,71,100,74,5,107,86,104,40,70,111,82,119,89,69,63,102,103,42,78,95,85,39,97,80,48,66,116,112,41,101,26,38,22,98,9,77,6,28,25,33,65,54,23,30,88,29,83,15,60,14,27,44,11,24,12,13,10,51,32,57,8,73,115,7,110,18,76,92,106,59,17,2,0,37,46,35,4,91,21,68,109
108,67,90,1,45,58,34,36,56,75,16,19,105,20,31,53,72,114,94,62,84,64,55,50,43,118,3,117,79,113,47,99,87,49,120,96,93,61,81,52,71,100,74,5,107,86,104,40,70,111,82,119,89,69,63,102,103,42,78,95,85,39,97,80,48,66,116,112,41,101,26,38,22,98,9,77,6,28,25,33,65,54,23,30,88,29,83,15,60,14,27,44,11,24,12,13,10,51,32,57,8,73,115,7,110,18,76,92,106,59,17,2,0,37,46,35,4,91,21,68,109
108,67,90,1,121,45,58,34,36,56,75,16,19,105,20,31,53,72,114,94,62,84,64,55,50,43,118,3,117,79,113,47,99,87,49,120,96,93,61,81,52,71,100,74,5,107,86,104,40,70,111,82,119,89,69,63,102,103,42,78,95,85,39,97,80,48,66,116,112,41,101,26,38,22,98,9,77,6,28,25,33,65,54,23,30,88,29,83,15,60,14,27,44,11,24,12,13,10,51,32,57,8,73,115,7,110,18,76,92,106,59,17,2,0,37,46,35,4,91,21,68,109
108,67,90,1,121,45,58,34,36,56,75,16,19,105,20,31,53,72,114,94,62,84,64,55,50,43,118,3,117,79,113,47,99,87,49,120,96,93,61,81,52,71,100,74,5,107,86,104,40,70,111,82,119,89,69,63,102,103,42,78,95,85,39,97,80,48,66,116,112,41,101,26,38,22,98,9,77,6,28,25,33,65,54,23,30,88,29,83,15,60,14,27,44,11,24,12,13,10,51,32,57,8,73,115,7,110,18,76,92,106,59,17,2,0,37,46,35,122,4,91,21,68,109
108,67,90,1,121,45,58,34,36,56,75,16,19,105,20,31,53,72,114,94,62,84,64,55,50,43,118,3,117,79,113,47,99,87,49,120,96,93,61,81,52,71,100,74,5,107,86,104,40,70,111,82,119,89,69,63,102,103,42,78,95,85,39,97,80,48,66,116,112,41,101,26,38,22,98,9,77,6,28,25,33,65,54,23,30,88,29,83,15,60,14,27,44,11,24,12,13,10,51,32,57,8,73,115,7,110,18,123,76,92,106,59,17,2,0,37,46,35,122,4,91,21,68,109
108,67,90,1,121,45,58,34,36,56,75,16,19,105,20,31,53,72,114,94,62,84,64,55,50,43,118,3,117,79,113,47,99,87,49,120,96,93,124,61,81,52,71,100,74,5,107,86,104,40,70,111,82,119,89,69,63,102,103,42,78,95,85,39,97,80,48,66,116,112,41,101,26,38,22,98,9,77,6,28,25,33,65,54,23,30,88,29,83,15,60,14,27,44,11,24,12,13,10,51,32,57,8,73,115,7,110,18,123,76,92,106,59,17,2,0,37,46,35,122,4,91,21,68,109
108,67,90,1,121,45,58,34,36,56,75,16,19,105,20,31,53,72,114,94,62,84,64,55,50,43,118,3,117,79,113,47,99,87,49,120,96,93,124,61,81,52,71,100,74,5,107,86,104,40,70,111,82,119,89,69,63,102,103,125,42,78,95,85,39,97,80,48,66,116,112,41,101,26,38,22,98,9,77,6,28,25,33,65,54,23,30,88,29,83,15,60,14,27,44,11,24,12,13,10,51,32,57,8,73,115,7,110,18,123,76,92,106,59,17,2,0,37,46,35,122,4,91,21,68,109
108,67,90,1,121,45,58,34,36,56,75,16,19,105,20,31,53,72,114,94,62,84,64,55,50,43,118,126,3,117,79,113,47,99,87,49,120,96,93,124,61,81,52,71,100,74,5,107,86,104,40,70,111,82,119,89,69,63,102,103,125,42,78,95,85,39,97,80,48,66,116,112,41,101,26,38,22,98,9,77,6,28,25,33,65,54,23,30,88,29,83,15,60,14,27,44,11,24,12,13,10,51,32,57,8,73,115,7,110,18,123,76,92,106,59,17,2,0,37,46,35,122,4,91,21,68,109
108,67,90,1,121,45,58,34,36,56,75,16,19,105,20,31,53,72,114,94,127,62,84,64,55,50,43,118,126,3,117,79,113,47,99,87,49,120,96,93,124,61,81,52,71,100,74,5,107,86,104,40,70,111,82,119,89,69,63,102,103,125,42,78,95,85,39,97,80,48,66,116,112,41,101,26,38,22,98,9,77,6,28,25,33,65,54,23,30,88,29,83,15,60,14,27,44,11,24,12,13,10,51,32,57,8,73,115,7,110,18,123,76,92,106,59,17,2,0,37,46,35,122,4,91,21,68,109
108,67,90,1,121,45,58,34,36,56,75,16,19,105,20,31,53,72,114,94,127,62,84,64,55,50,43,118,126,3,117,79,113,47,99,87,49,120,96,93,124,61,81,52,71,100,74,5,107,86,104,40,70,111,82,119,89,69,63,102,103,125,42,78,95,85,39,97,80,48,66,116,112,41,101,26,38,22,98,9,77,6,28,25,33,65,54,23,30,88,29,83,15,60,14,27,44,11,24,12,13,10,51,32,57,8,73,115,7,110,18,123,76,92,106,59,17,2,0,37,128,46,35,122,4,91,21,68,109
108,67,90,1,121,45,58,34,36,56,75,16,19,105,20,31,53,72,114,94,127,62,84,64,55,50,43,118,126,3,117,79,113,47,99,87,49,120,96,93,124,61,129,81,52,71,100,74,5,107,86,104,40,70,111,82,119,89,69,63,102,103,125,42,78,95,85,39,97,80,48,66,116,112,41,101,26,38,22,98,9,77,6,28,25,33,65,54,23,30,88,29,83,15,60,14,27,44,11,24,12,13,10,51,32,57,8,73,115,7,110,18,123,76,92,106,59,17,2,0,37,128,46,35,122,4,91,21,68,109
108,67,90,1,121,45,58,34,36,56,75,16,19,105,20,31,53,72,114,94,127,62,84,64,55,50,43,118,126,3,117,79,113,47,99,87,49,130,120,96,93,124,61,129,81,52,71,100,74,5,107,86,104,40,70,111,82,119,89,69,63,102,103,125,42,78,95,85,39,97,80,48,66,116,112,41,101,26,38,22,98,9,77,6,28,25,33,65,54,23,30,88,29,83,15,60,14,27,44,11,24,12,13,10,51,32,57,8,73,115,7,110,18,123,76,92,106,59,17,2,0,37,128,46,35,122,4,91,21,68,109
108,67,90,1,121,45,58,34,36,56,75,16,19,105,20,31,53,72,114,94,127,62,84,64,55,50,43,118,126,3,117,79,113,47,99,87,49,130,120,96,93,124,61,129,81,52,71,100,74,5,107,86,104,40,70,111,82,119,89,69,63,102,103,125,42,78,95,85,39,97,80,48,66,116,112,41,101,26,38,22,98,9,77,6,28,25,33,65,54,23,30,88,29,83,15,60,14,27,44,11,24,12,13,10,51,32,57,8,73,131,115,7,110,18,123,76,92,106,59,17,2,0,37,128,46,35,122,4,91,21,68,109
108,67,90,1,121,45,58,34,36,56,75,16,19,105,20,31,53,72,114,94,127,62,84,64,55,50,132,43,118,126,3,117,79,113,47,99,87,49,130,120,96,93,124,61,129,81,52,71,100,74,5,107,86,104,40,70,111,82,119,89,69,63,102,103,125,42,78,95,85,39,97,80,48,66,116,112,41,101,26,38,22,98,9,77,6,28,25,33,65,54,23,30,88,29,83,15,60,14,27,44,11,24,12,13,10,51,32,57,8,73,131,115,7,110,18,123,76,92,106,59,17,2,0,37,128,46,35,122,4,91,21,68,109
108,67,90,1,121,45,58,34,36,56,75,16,19,105,20,31,53,72,114,94,127,62,84,64,55,50,132,43,118,126,3,117,79,113,47,99,87,49,130,120,96,93,124,61,129,81,52,71,100,74,5,107,86,104,40,70,111,82,119,89,69,63,102,133,103,125,42,78,95,85,39,97,80,48,66,116,112,41,101,26,38,22,98,9,77,6,28,25,33,65,54,23,30,88,29,83,15,60,14,27,44,11,24,12,13,10,51,32,57,8,73,131,115,7,110,18,123,76,92,106,59,17,2,0,37,128,46,35,122,4,91,21,68,109
108,67,90,1,121,45,58,34,36,56,75,16,19,105,20,31,53,72,114,94,127,62,84,64,55,50,132,43,118,126,3,117,79,113,47,99,87,49,130,120,96,93,124,61,129,81,52,71,100,74,5,107,86,104,40,70,111,82,119,89,69,63,102,133,103,125,42,78,95,85,39,134,97,80,48,66,116,112,41,101,26,38,22,98,9,77,6,28,25,33,65,54,23,30,88,29,83,15,60,14,27,44,11,24,12,13,10,51,32,57,8,73,131,115,7,110,18,123,76,92,106,59,17,2,0,37,128,46,35,122,4,91,21,68,109
108,67,90,1,121,45,58,34,36,56,75,16,19,105,20,31,53,72,114,94,127,62,84,64,55,50,132,43,118,126,3,117,79,135,113,47,99,87,49,130,120,96,93,124,61,129,81,52,71,100,74,5,107,86,104,40,70,111,82,119,89,69,63,102,133,103,125,42,78,95,85,39,134,97,80,48,66,116,112,41,101,26,38,22,98,9,77,6,28,25,33,65,54,23,30,88,29,83,15,60,14,27,44,11,24,12,13,10,51,32,57,8,73,131,115,7,110,18,123,76,92,106,59,17,2,0,37,128,46,35,122,4,91,21,68,109
108,67,90,1,121,45,58,34,36,56,75,16,19,105,20,31,53,72,114,94,127,62,84,64,55,50,132,43,118,136,126,3,117,79,135,113,47,99,87,49,130,120,96,93,124,61,129,81,52,71,100,74,5,107,86,104,40,70,111,82,119,89,69,63,102,133,103,125,42,78,95,85,39,134,97,80,48,66,116,112,41,101,26,38,22,98,9,77,6,28,25,33,65,54,23,30,88,29,83,15,60,14,27,44,11,24,12,13,10,51,32,57,8,73,131,115,7,110,18,123,76,92,106,59,17,2,0,37,128,46,35,122,4,91,21,68,109
108,67,90,1,121,45,58,34,36,56,75,16,19,105,20,31,53,72,114,94,127,62,84,64,55,50,132,43,118,136,126,3,117,79,135,113,47,99,87,49,130,120,96,93,124,61,129,81,52,71,100,74,5,107,86,104,40,70,111,82,119,89,69,63,102,133,103,125,42,78,95,137,85,39,134,97,80,48,66,116,112,41,101,26,38,22,98,9,77,6,28,25,33,65,54,23,30,88,29,83,15,60,14,27,44,11,24,12,13,10,51,32,57,8,73,131,115,7,110,18,123,76,92,106,59,17,2,0,37,128,46,35,122,4,91,21,68,109
108,67,90,1,121,45,58,34,36,56,75,16,19,105,20,31,53,72,114,94,127,62,84,64,55,50,132,43,118,136,126,3,117,79,135,113,47,99,87,138,49,130,120,96,93,124,61,129,81,52,71,100,74,5,107,86,104,40,70,111,82,119,89,69,63,102,133,103,125,42,78,95,137,85,39,134,97,80,48,66,116,112,41,101,26,38,22,98,9,77,6,28,25,33,65,54,23,30,88,29,83,15,60,14,27,44,11,24,12,13,10,51,32,57,8,73,131,115,7,110,18,123,76,92,106,59,17,2,0,37,128,46,35,122,4,91,21,68,109
108,67,90,1,121,45,58,34,36,56,75,16,19,105,20,31,53,72,114,94,127,62,84,64,55,50,132,43,118,136,126,3,117,79,135,113,47,99,87,138,49,130,120,96,93,124,61,129,81,52,71,100,74,5,107,139,86,104,40,70,111,82,119,89,69,63,102,133,103,125,42,78,95,137,85,39,134,97,80,48,66,116,112,41,101,26,38,22,98,9,77,6,28,25,33,65,54,23,30,88,29,83,15,60,14,27,44,11,24,12,13,10,51,32,57,8,73,131,115,7,110,18,123,76,92,106,59,17,2,0,37,128,46,35,122,4,91,21,68,109
108,67,90,1,121,45,58,34,36,56,75,16,19,105,20,31,53,72,114,94,127,62,84,64,55,50,132,43,118,136,126,3,117,79,135,113,47,99,87,138,49,130,120,96,140,93,124,61,129,81,52,71,100,74,5,107,139,86,104,40,70,111,82,119,89,69,63,102,133,103,125,42,78,95,137,85,39,134,97,80,48,66,116,112,41,101,26,38,22,98,9,77,6,28,25,33,65,54,23,30,88,29,83,15,60,14,27,44,11,24,12,13,10,51,32,57,8,73,131,115,7,110,18,123,76,92,106,59,17,2,0,37,128,46,35,122,4,91,21,68,109
108,67,90,1,121,45,58,34,36,56,75,16,19,105,20,31,53,72,114,94,127,62,84,64,55,50,132,43,118,136,126,3,117,79,135,113,47,99,87,138,141,49,130,120,96,140,93,124,61,129,81,52,71,100,74,5,107,139,86,104,40,70,111,82,119,89,69,63,102,133,103,125,42,78,95,137,85,39,134,97,80,48,66,116,112,41,101,26,38,22,98,9,77,6,28,25,33,65,54,23,30,88,29,83,15,60,14,27,44,11,24,12,13,10,51,32,57,8,73,131,115,7,110,18,123,76,92,106,59,17,2,0,37,128,46,35,122,4,91,21,68,109
108,67,90,1,121,45,58,34,36,56,75,16,19,105,20,31,53,72,114,94,127,62,84,142,64,55,50,132,43,118,136,126,3,117,79,135,113,47,99,87,138,141,49,130,120,96,140,93,124,61,129,81,52,71,100,74,5,107,139,86,104,40,70,111,82,119,89,69,63,102,133,103,125,42,78,95,137,85,39,134,97,80,48,66,116,112,41,101,26,38,22,98,9,77,6,28,25,33,65,54,23,30,88,29,83,15,60,14,27,44,11,24,12,13,10,51,32,57,8,73,131,115,7,110,18,123,76,92,106,59,17,2,0,37,128,46,35,122,4,91,21,68,109
108,67,90,1,121,45,58,34,36,56,75,16,19,105,20,31,53,72,114,94,127,62,84,142,64,55,50,132,43,118,136,126,3,117,79,135,113,47,99,87,138,141,49,130,120,96,140,93,124,61,129,81,52,71,100,74,5,107,139,86,104,40,70,111,82,119,89,69,63,102,133,103,125,42,78,95,137,85,39,134,97,80,48,66,116,112,41,101,26,38,22,98,9,77,6,28,25,33,65,54,23,30,88,29,83,15,60,14,27,44,11,24,12,13,10,51,32,57,8,73,143,131,115,7,110,18,123,76,92,106,59,17,2,0,37,128,46,35,122,4,91,21,68,109
108,67,90,1,121,45,58,34,36,56,75,16,19,105,20,31,53,72,114,94,127,62,84,142,64,55,50,132,43,118,136,126,3,117,79,135,113,47,99,87,138,141,49,130,120,96,140,93,124,61,129,81,52,71,100,74,5,107,139,86,104,40,70,111,82,119,89,69,63,102,133,103,125,42,78,95,137,85,39,134,97,80,48,66,116,112,41,101,26,38,144,22,98,9,77,6,28,25,33,65,54,23,30,88,29,83,15,60,14,27,44,11,24,12,13,10,51,32,57,8,73,143,131,115,7,110,18,123,76,92,106,59,17,2,0,37,128,46,35,122,4,91,21,68,109
108,67,90,1,121,45,58,34,36,56,75,16,19,105,20,31,53,72,114,94,127,62,84,142,64,55,50,132,43,118,136,126,3,117,79,135,113,145,47,99,87,138,141,49,130,120,96,140,93,124,61,129,81,52,71,100,74,5,107,139,86,104,40,70,111,82,119,89,69,63,102,133,103,125,42,78,95,137,85,39,134,97,80,48,66,116,112,41,101,26,38,144,22,98,9,77,6,28,25,33,65,54,23,30,88,29,83,15,60,14,27,44,11,24,12,13,10,51,32,57,8,73,143,131,115,7,110,18,123,76,92,106,59,17,2,0,37,128,46,35,122,4,91,21,68,109
108,67,90,146,1,121,45,58,34,36,56,75,16,19,105,20,31,53,72,114,94,127,62,84,142,64,55,50,132,43,118,136,126,3,117,79,135,113,145,47,99,87,138,141,49,130,120,96,140,93,124,61,129,81,52,71,100,74,5,107,139,86,104,40,70,111,82,119,89,69,63,102,133,103,125,42,78,95,137,85,39,134,97,80,48,66,116,112,41,101,26,38,144,22,98,9,77,6,28,25,33,65,54,23,30,88,29,83,15,60,14,27,44,11,24,12,13,10,51,32,57,8,73,143,131,115,7,110,18,123,76,92,106,59,17,2,0,37,128,46,35,122,4,91,21,68,109
108,67,90,146,1,121,45,58,34,36,56,75,16,19,105,20,31,53,72,114,94,127,62,84,142,64,55,50,132,43,118,136,126,3,117,79,135,113,145,47,99,87,138,141,49,130,120,96,140,93,124,61,129,81,52,71,100,74,5,107,139,86,104,40,70,111,82,119,89,69,63,102,133,103,125,42,78,95,137,85,39,134,97,80,48,66,116,112,41,101,26,38,144,22,98,9,77,6,28,25,33,65,54,23,30,88,29,83,15,60,14,27,44,11,24,12,13,10,51,32,57,8,73,143,131,115,7,110,18,123,76,92,106,59,17,2,0,37,128,46,35,122,4,91,21,147,68,109
108,67,90,146,1,121,45,58,34,36,56,75,16,19,105,20,31,53,72,114,94,127,62,84,142,64,55,50,132,43,118,136,126,3,117,79,135,113,145,47,99,87,138,141,49,130,120,96,140,93,124,61,129,81,52,71,100,74,5,107,139,86,104,40,70,111,82,119,89,69,63,102,133,103,125,42,78,95,137,85,39,134,97,80,48,66,116,112,41,101,26,38,144,22,98,9,77,6,28,25,33,65,54,23,30,88,29,83,15,60,14,27,44,11,24,12,13,10,51,32,57,8,73,143,131,115,7,110,18,123,76,92,106,59,148,17,2,0,37,128,46,35,122,4,91,21,147,68,109
108,67,90,146,1,121,45,58,34,36,56,75,16,19,105,20,31,53,72,114,94,127,62,84,142,64,55,50,132,43,118,136,126,3,117,79,135,113,145,47,99,87,138,141,49,130,120,96,140,93,124,61,129,81,52,71,100,74,5,107,139,86,104,40,70,111,82,119,89,69,63,102,133,103,125,42,78,95,137,85,39,134,97,80,48,66,116,112,41,101,26,38,144,22,98,9,77,6,28,25,33,65,54,23,30,88,29,83,15,60,14,149,27,44,11,24,12,13,10,51,32,57,8,73,143,131,115,7,110,18,123,76,92,106,59,148,17,2,0,37,128,46,35,122,4,91,21,147,68,109
108,67,90,146,1,121,45,150,58,34,36,56,75,16,19,105,20,31,53,72,114,94,127,62,84,142,64,55,50,132,43,118,136,126,3,117,79,135,113,145,47,99,87,138,141,49,130,120,96,140,93,124,61,129,81,52,71,100,74,5,107,139,86,104,40,70,111,82,119,89,69,63,102,133,103,125,42,78,95,137,85,39,134,97,80,48,66,116,112,41,101,26,38,144,22,98,9,77,6,28,25,33,65,54,23,30,88,29,83,15,60,14,149,27,44,11,24,12,13,10,51,32,57,8,73,143,131,115,7,110,18,123,76,92,106,59,148,17,2,0,37,128,46,35,122,4,91,21,147,68,109
108,67,90,146,1,121,45,150,58,34,36,56,75,16,19,105,20,31,53,72,114,94,127,62,84,142,64,55,50,132,43,118,136,126,3,117,79,135,113,145,47,99,87,138,141,49,130,120,96,140,93,124,61,129,81,52,71,100,74,5,107,139,86,104,40,70,111,82,119,89,69,63,102,133,103,125,42,78,95,137,85,39,134,97,80,48,66,116,112,41,101,26,38,144,22,98,9,77,6,28,25,33,65,54,23,30,88,29,83,15,60,14,149,27,44,11,24,12,13,10,51,32,151,57,8,73,143,131,115,7,110,18,123,76,92,106,59,148,17,2,0,37,128,46,35,122,4,91,21,147,68,109
108,67,90,146,1,121,45,150,58,34,36,56,75,16,19,105,20,31,53,72,114,94,127,62,84,142,64,55,50,132,43,118,136,126,3,117,79,135,113,145,47,99,87,138,141,49,130,120,96,140,93,124,61,129,81,52,71,100,74,5,107,139,86,104,40,70,111,82,119,89,69,63,102,133,103,125,42,78,95,137,85,39,134,97,80,48,66,116,112,41,101,26,38,144,22,98,9,77,6,28,25,33,65,54,23,30,88,29,83,15,60,14,149,27,44,11,24,12,13,10,51,32,151,57,8,73,143,131,115,7,110,18,123,76,92,106,59,148,17,2,0,37,128,46,35,122,4,91,152,21,147,68,109
108,67,90,146,1,121,45,150,58,34,36,56,75,16,19,105,20,31,53,72,114,94,127,62,84,142,64,55,50,132,43,118,136,126,3,117,79,135,113,145,47,99,87,138,141,49,130,120,96,140,93,124,61,129,81,52,71,100,74,5,107,139,86,104,40,70,111,82,119,89,69,63,102,133,103,125,42,78,95,137,85,39,134,97,80,48,66,116,112,41,101,26,38,144,22,98,9,77,6,28,25,33,65,54,23,30,88,29,83,15,60,14,149,27,44,11,24,12,13,10,51,32,151,57,8,73,143,131,115,7,153,110,18,123,76,92,106,59,148,17,2,0,37,128,46,35,122,4,91,152,21,147,68,109
108,67,90,146,1,121,45,150,58,34,36,56,75,16,19,105,20,31,53,72,114,94,127,62,84,142,64,55,50,132,43,118,136,126,3,117,79,135,113,145,47,99,87,138,141,49,130,120,96,140,93,124,61,129,81,52,71,100,74,5,107,139,86,104,40,70,111,82,119,89,69,63,102,133,103,125,42,78,95,137,85,39,134,97,80,48,66,116,112,41,101,26,38,144,22,98,154,9,77,6,28,25,33,65,54,23,30,88,29,83,15,60,14,149,27,44,11,24,12,13,10,51,32,151,57,8,73,143,131,115,7,153,110,18,123,76,92,106,59,148,17,2,0,37,128,46,35,122,4,91,152,21,147,68,109
108,67,90,146,1,121,45,150,58,34,36,56,75,16,19,105,20,31,53,72,114,94,127,62,84,142,64,55,50,132,43,118,136,126,3,117,79,135,113,145,47,99,87,138,141,49,130,120,96,140,93,124,61,129,81,52,71,100,74,5,107,139,86,104,40,70,111,82,119,89,69,63,102,133,103,125,155,42,78,95,137,85,39,134,97,80,48,66,116,112,41,101,26,38,144,22,98,154,9,77,6,28,25,33,65,54,23,30,88,29,83,15,60,14,149,27,44,11,24,12,13,10,51,32,151,57,8,73,143,131,115,7,153,110,18,123,76,92,106,59,148,17,2,0,37,128,46,35,122,4,91,152,21,147,68,109
108,67,90,146,1,121,45,150,58,34,36,56,75,16,19,105,20,31,53,72,114,94,127,62,84,142,64,55,50,132,43,118,136,126,3,117,79,135,113,145,47,99,87,138,141,49,130,120,96,140,93,124,61,156,129,81,52,71,100,74,5,107,139,86,104,40,70,111,82,119,89,69,63,102,133,103,125,155,42,78,95,137,85,39,134,97,80,48,66,116,112,41,101,26,38,144,22,98,154,9,77,6,28,25,33,65,54,23,30,88,29,83,15,60,14,149,27,44,11,24,12,13,10,51,32,151,57,8,73,143,131,115,7,153,110,18,123,76,92,106,59,148,17,2,0,37,128,46,35,122,4,91,152,21,147,68,109
108,67,90,146,1,121,45,150,58,34,36,56,75,16,19,105,20,31,53,72,114,94,127,62,84,142,64,55,50,132,43,118,136,126,3,117,79,135,157,113,145,47,99,87,138,141,49,130,120,96,140,93,124,61,156,129,81,52,71,100,74,5,107,139,86,104,40,70,111,82,119,89,69,63,102,133,103,125,155,42,78,95,137,85,39,134,97,80,48,66,116,112,41,101,26,38,144,22,98,154,9,77,6,28,25,33,65,54,23,30,88,29,83,15,60,14,149,27,44,11,24,12,13,10,51,32,151,57,8,73,143,131,115,7,153,110,18,123,76,92,106,59,148,17,2,0,37,128,46,35,122,4,91,152,21,147,68,109
108,67,90,146,1,121,45,150,58,34,36,56,75,16,19,105,20,31,53,72,114,94,127,62,84,142,64,55,50,132,43,118,136,126,3,117,79,135,157,113,145,47,99,87,138,141,49,130,120,96,140,93,124,61,156,158,129,81,52,71,100,74,5,107,139,86,104,40,70,111,82,119,89,69,63,102,133,103,125,155,42,78,95,137,85,39,134,97,80,48,66,116,112,41,101,26,38,144,22,98,154,9,77,6,28,25,33,65,54,23,30,88,29,83,15,60,14,149,27,44,11,24,12,13,10,51,32,151,57,8,73,143,131,115,7,153,110,18,123,76,92,106,59,148,17,2,0,37,128,46,35,122,4,91,152,21,147,68,109
108,67,90,146,1,121,45,150,58,34,36,56,75,16,19,105,20,31,53,72,114,94,127,62,84,142,64,55,50,132,43,118,136,126,3,117,79,135,157,113,145,47,99,87,138,141,49,130,120,96,140,93,124,61,156,158,129,81,52,71,100,74,5,107,139,86,104,40,70,111,82,119,89,69,63,102,133,103,125,155,42,78,95,137,85,39,134,97,80,48,66,116,112,41,101,26,38,144,22,98,154,9,77,6,28,25,33,65,54,159,23,30,88,29,83,15,60,14,149,27,44,11,24,12,13,10,51,32,151,57,8,73,143,131,115,7,153,110,18,123,76,92,106,59,148,17,2,0,37,128,46,35,122,4,91,152,21,147,68,109
108,67,90,146,1,121,45,150,58,34,36,56,75,16,19,105,20,31,53,72,114,94,127,62,84,142,64,55,50,132,43,118,136,126,3,117,79,135,157,113,145,47,99,87,138,141,49,130,120,96,140,93,124,61,156,158,129,160,81,52,71,100,74,5,107,139,86,104,40,70,111,82,119,89,69,63,102,133,103,125,155,42,78,95,137,85,39,134,97,80,48,66,116,112,41,101,26,38,144,22,98,154,9,77,6,28,25,33,65,54,159,23,30,88,29,83,15,60,14,149,27,44,11,24,12,13,10,51,32,151,57,8,73,143,131,115,7,153,110,18,123,76,92,106,59,148,17,2,0,37,128,46,35,122,4,91,152,21,147,68,109
108,67,90,146,1,121,45,150,58,34,36,56,161,75,16,19,105,20,31,53,72,114,94,127,62,84,142,64,55,50,132,43,118,136,126,3,117,79,135,157,113,145,47,99,87,138,141,49,130,120,96,140,93,124,61,156,158,129,160,81,52,71,100,74,5,107,139,86,104,40,70,111,82,119,89,69,63,102,133,103,125,155,42,78,95,137,85,39,134,97,80,48,66,116,112,41,101,26,38,144,22,98,154,9,77,6,28,25,33,65,54,159,23,30,88,29,83,15,60,14,149,27,44,11,24,12,13,10,51,32,151,57,8,73,143,131,115,7,153,110,18,123,76,92,106,59,148,17,2,0,37,128,46,35,122,4,91,152,21,147,68,109
108,67,90,146,1,121,45,150,58,34,36,56,161,75,16,19,105,20,31,53,72,114,94,127,62,84,142,64,55,50,132,43,118,136,126,3,117,79,135,157,113,145,47,99,87,138,141,49,130,120,96,140,93,124,61,156,158,129,160,81,52,71,100,74,5,107,139,86,104,40,70,111,82,119,89,69,63,102,133,103,125,155,42,78,95,137,85,39,134,97,80,48,66,116,112,41,101,26,38,144,22,98,154,9,77,6,28,25,33,65,54,159,23,30,88,29,83,15,60,14,149,27,44,11,24,12,13,10,51,32,151,57,8,73,143,131,115,7,153,110,18,123,76,92,106,59,148,17,2,0,37,128,162,46,35,122,4,91,152,21,147,68,109
108,67,90,146,1,121,45,150,58,34,36,56,161,75,16,19,105,20,31,53,72,114,94,127,62,84,142,64,55,50,132,43,118,136,126,3,117,79,135,157,113,145,47,99,87,138,141,49,130,120,96,140,93,124,61,156,158,129,160,81,52,71,100,74,5,107,139,86,104,40,70,111,82,119,89,69,63,102,133,103,125,155,42,78,95,137,85,39,134,97,80,48,66,116,112,41,101,163,26,38,144,22,98,154,9,77,6,28,25,33,65,54,159,23,30,88,29,83,15,60,14,149,27,44,11,24,12,13,10,51,32,151,57,8,73,143,131,115,7,153,110,18,123,76,92,106,59,148,17,2,0,37,128,162,46,35,122,4,91,152,21,147,68,109
108,67,90,146,1,121,45,150,58,34,36,56,161,75,16,19,105,20,31,53,72,114,94,127,62,84,142,64,55,50,132,43,118,136,126,3,117,79,135,157,113,145,47,99,87,138,141,49,130,120,96,140,93,124,61,156,158,129,160,81,52,71,100,74,5,107,139,86,104,40,164,70,111,82,119,89,69,63,102,133,103,125,155,42,78,95,137,85,39,134,97,80,48,66,116,112,41,101,163,26,38,144,22,98,154,9,77,6,28,25,33,65,54,159,23,30,88,29,83,15,60,14,149,27,44,11,24,12,13,10,51,32,151,57,8,73,143,131,115,7,153,110,18,123,76,92,106,59,148,17,2,0,37,128,162,46,35,122,4,91,152,21,147,68,109
108,67,90,146,1,121,45,150,58,34,36,56,161,75,16,19,105,20,31,53,72,114,94,127,62,84,165,142,64,55,50,132,43,118,136,126,3,117,79,135,157,113,145,47,99,87,138,141,49,130,120,96,140,93,124,61,156,158,129,160,81,52,71,100,74,5,107,139,86,104,40,164,70,111,82,119,89,69,63,102,133,103,125,155,42,78,95,137,85,39,134,97,80,48,66,116,112,41,101,163,26,38,144,22,98,154,9,77,6,28,25,33,65,54,159,23,30,88,29,83,15,60,14,149,27,44,11,24,12,13,10,51,32,151,57,8,73,143,131,115,7,153,110,18,123,76,92,106,59,148,17,2,0,37,128,162,46,35,122,4,91,152,21,147,68,109
108,67,90,146,1,121,45,150,58,34,36,56,161,75,16,19,105,20,31,53,72,114,94,127,62,84,165,142,64,55,50,132,43,118,136,126,3,117,79,135,157,113,145,47,99,87,138,141,49,130,120,96,140,93,124,61,156,158,129,160,81,52,71,100,74,5,107,139,86,104,40,164,70,111,82,119,89,69,63,102,133,103,125,155,42,78,95,137,85,39,134,97,80,48,66,116,112,41,101,163,26,38,144,22,98,154,9,77,6,28,25,33,65,54,159,23,30,88,29,83,15,60,14,149,27,44,11,24,12,13,10,51,32,151,57,8,73,143,131,115,7,153,110,18,123,76,92,106,59,148,166,17,2,0,37,128,162,46,35,122,4,91,152,21,147,68,109
108,67,90,146,1,121,45,167,150,58,34,36,56,161,75,16,19,105,20,31,53,72,114,94,127,62,84,165,142,64,55,50,132,43,118,136,126,3,117,79,135,157,113,145,47,99,87,138,141,49,130,120,96,140,93,124,61,156,158,129,160,81,52,71,100,74,5,107,139,86,104,40,164,70,111,82,119,89,69,63,102,133,103,125,155,42,78,95,137,85,39,134,97,80,48,66,116,112,41,101,163,26,38,144,22,98,154,9,77,6,28,25,33,65,54,159,23,30,88,29,83,15,60,14,149,27,44,11,24,12,13,10,51,32,151,57,8,73,143,131,115,7,153,110,18,123,76,92,106,59,148,166,17,2,0,37,128,162,46,35,122,4,91,152,21,147,68,109
108,67,90,146,1,121,45,167,150,58,34,36,56,161,75,16,19,105,20,31,53,72,114,94,127,62,84,165,142,64,55,50,132,43,118,136,126,3,117,79,135,157,113,145,47,99,87,138,141,49,130,120,96,140,93,124,61,156,158,129,160,81,52,71,100,74,5,107,139,86,104,40,164,70,111,82,119,89,69,63,102,133,103,125,155,42,78,95,137,85,39,134,97,80,48,66,116,112,41,101,163,26,38,144,22,98,154,9,77,6,28,25,33,65,54,159,23,30,88,29,83,15,60,14,149,27,44,11,24,12,13,10,51,32,151,57,8,73,143,131,115,7,153,110,18,123,76,92,106,59,148,166,17,2,0,37,128,162,46,35,122,4,168,91,152,21,147,68,109
108,67,90,146,1,121,45,167,150,58,34,36,56,161,75,16,19,105,20,31,53,72,114,94,127,62,84,165,142,64,55,50,132,43,118,136,126,3,117,79,135,157,113,145,47,99,87,138,141,49,130,120,96,140,93,124,61,156,158,129,160,81,52,71,100,74,5,107,139,86,104,40,164,70,111,82,119,89,69,63,102,133,103,125,155,42,78,95,137,85,39,134,97,80,48,66,116,112,41,101,163,26,38,144,22,98,154,9,77,6,28,25,33,65,54,159,23,30,88,29,83,15,60,14,149,27,44,11,24,12,13,10,51,32,151,57,8,73,143,131,169,115,7,153,110,18,123,76,92,106,59,148,166,17,2,0,37,128,162,46,35,122,4,168,91,152,21,147,68,109
108,67,90,146,1,121,45,167,150,58,34,36,56,161,75,16,19,105,20,31,53,72,114,94,127,62,84,165,142,64,55,50,132,43,118,136,126,3,117,79,135,157,113,145,47,99,87,138,141,49,130,120,96,140,93,124,61,156,158,129,160,81,52,71,100,74,5,107,139,86,104,40,164,70,111,82,119,89,69,63,102,133,103,125,155,42,78,95,137,85,39,134,97,80,48,66,116,112,41,101,163,26,38,144,22,98,154,9,77,6,28,25,33,65,54,159,23,30,88,29,83,15,60,14,149,27,44,11,170,24,12,13,10,51,32,151,57,8,73,143,131,169,115,7,153,110,18,123,76,92,106,59,148,166,17,2,0,37,128,162,46,35,122,4,168,91,152,21,147,68,109
108,67,90,146,1,121,45,167,150,58,34,36,56,161,75,16,19,105,20,31,53,72,114,94,127,62,84,165,142,64,55,50,132,43,118,136,126,3,117,79,171,135,157,113,145,47,99,87,138,141,49,130,120,96,140,93,124,61,156,158,129,160,81,52,71,100,74,5,107,139,86,104,40,164,70,111,82,119,89,69,63,102,133,103,125,155,42,78,95,137,85,39,134,97,80,48,66,116,112,41,101,163,26,38,144,22,98,154,9,77,6,28,25,33,65,54,159,23,30,88,29,83,15,60,14,149,27,44,11,170,24,12,13,10,51,32,151,57,8,73,143,131,169,115,7,153,110,18,123,76,92,106,59,148,166,17,2,0,37,128,162,46,35,122,4,168,91,152,21,147,68,109
108,67,90,146,1,121,45,167,150,58,34,36,56,161,75,16,19,105,20,31,53,72,114,94,127,62,84,165,142,64,172,55,50,132,43,118,136,126,3,117,79,171,135,157,113,145,47,99,87,138,141,49,130,120,96,140,93,124,61,156,158,129,160,81,52,71,100,74,5,107,139,86,104,40,164,70,111,82,119,89,69,63,102,133,103,125,155,42,78,95,137,85,39,134,97,80,48,66,116,112,41,101,163,26,38,144,22,98,154,9,77,6,28,25,33,65,54,159,23,30,88,29,83,15,60,14,149,27,44,11,170,24,12,13,10,51,32,151,57,8,73,143,131,169,115,7,153,110,18,123,76,92,106,59,148,166,17,2,0,37,128,162,46,35,122,4,168,91,152,21,147,68,109
108,67,90,146,1,121,45,167,150,58,34,36,56,161,75,16,19,105,20,31,53,72,114,94,127,62,84,165,142,64,172,55,50,132,43,118,136,126,3,117,79,171,135,157,113,145,47,99,87,138,141,49,130,120,96,140,93,124,61,156,158,129,160,81,52,71,100,74,5,107,139,86,104,40,164,70,111,82,119,89,69,63,102,133,103,125,155,42,78,95,137,85,39,134,97,80,48,66,116,112,41,101,163,26,38,144,22,98,154,9,77,6,28,25,33,65,54,159,23,30,88,29,83,15,60,14,149,27,44,11,170,24,12,173,13,10,51,32,151,57,8,73,143,131,169,115,7,153,110,18,123,76,92,106,59,148,166,17,2,0,37,128,162,46,35,122,4,168,91,152,21,147,68,109
108,67,90,146,1,121,45,167,150,58,34,36,56,161,75,16,19,105,20,31,53,72,114,94,127,62,84,165,142,64,172,55,50,132,43,118,136,126,3,117,79,171,135,157,113,145,47,99,87,138,141,49,130,120,96,140,93,124,61,156,158,129,160,81,52,71,100,74,5,107,139,86,104,40,164,70,111,82,119,89,69,63,102,133,103,125,155,42,78,95,137,85,39,134,97,80,48,66,116,112,41,101,163,26,38,144,22,98,154,9,77,6,28,25,33,65,54,159,174,23,30,88,29,83,15,60,14,149,27,44,11,170,24,12,173,13,10,51,32,151,57,8,73,143,131,169,115,7,153,110,18,123,76,92,106,59,148,166,17,2,0,37,128,162,46,35,122,4,168,91,152,21,147,68,109
108,67,90,146,1,121,45,167,150,58,34,36,56,161,75,16,19,105,20,31,53,72,114,94,127,62,84,165,142,64,172,55,175,50,132,43,118,136,126,3,117,79,171,135,157,113,145,47,99,87,138,141,49,130,120,96,140,93,124,61,156,158,129,160,81,52,71,100,74,5,107,139,86,104,40,164,70,111,82,119,89,69,63,102,133,103,125,155,42,78,95,137,85,39,134,97,80,48,66,116,112,41,101,163,26,38,144,22,98,154,9,77,6,28,25,33,65,54,159,174,23,30,88,29,83,15,60,14,149,27,44,11,170,24,12,173,13,10,51,32,151,57,8,73,143,131,169,115,7,153,110,18,123,76,92,106,59,148,166,17,2,0,37,128,162,46,35,122,4,168,91,152,21,147,68,109
108,67,90,146,1,121,45,167,150,58,34,36,56,161,75,16,19,105,20,31,53,72,114,94,127,62,84,165,142,64,172,55,175,50,132,43,118,136,126,3,117,79,171,135,157,113,145,47,99,87,138,141,49,130,120,96,140,93,124,61,156,158,129,160,81,52,71,100,74,5,107,139,86,104,40,164,70,111,82,119,89,69,63,102,133,103,125,155,42,78,95,137,85,39,134,97,80,48,66,116,112,41,101,163,26,38,144,22,98,154,9,77,6,28,25,33,65,54,159,174,23,30,88,29,83,15,60,14,149,27,44,11,170,24,12,176,173,13,10,51,32,151,57,8,73,143,131,169,115,7,153,110,18,123,76,92,106,59,148,166,17,2,0,37,128,162,46,35,122,4,168,91,152,21,147,68,109
108,67,90,146,1,121,45,167,150,58,34,36,56,161,75,16,19,105,20,31,53,72,114,94,127,62,84,165,142,64,172,55,175,50,132,43,118,136,126,3,117,79,171,135,157,113,145,47,99,87,138,141,49,130,120,96,140,93,124,61,156,158,129,160,81,52,71,100,74,5,107,139,86,104,40,164,70,111,82,119,89,69,63,102,133,103,125,155,42,78,95,137,85,177,39,134,97,80,48,66,116,112,41,101,163,26,38,144,22,98,154,9,77,6,28,25,33,65,54,159,174,23,30,88,29,83,15,60,14,149,27,44,11,170,24,12,176,173,13,10,51,32,151,57,8,73,143,131,169,115,7,153,110,18,123,76,92,106,59,148,166,17,2,0,37,128,162,46,35,122,4,168,91,152,21,147,68,109
108,67,90,146,1,121,45,167,150,58,34,36,56,161,75,16,19,105,20,31,53,72,114,94,127,62,84,165,142,64,172,55,175,50,132,43,118,136,178,126,3,117,79,171,135,157,113,145,47,99,87,138,141,49,130,120,96,140,93,124,61,156,158,129,160,81,52,71,100,74,5,107,139,86,104,40,164,70,111,82,119,89,69,63,102,133,103,125,155,42,78,95,137,85,177,39,134,97,80,48,66,116,112,41,101,163,26,38,144,22,98,154,9,77,6,28,25,33,65,54,159,174,23,30,88,29,83,15,60,14,149,27,44,11,170,24,12,176,173,13,10,51,32,151,57,8,73,143,131,169,115,7,153,110,18,123,76,92,106,59,148,166,17,2,0,37,128,162,46,35,122,4,168,91,152,21,147,68,109
108,67,90,146,1,121,45,167,150,58,34,36,56,161,75,16,19,105,20,31,53,72,114,94,127,179,62,84,165,142,64,172,55,175,50,132,43,118,136,178,126,3,117,79,171,135,157,113,145,47,99,87,138,141,49,130,120,96,140,93,124,61,156,158,129,160,81,52,71,100,74,5,107,139,86,104,40,164,70,111,82,119,89,69,63,102,133,103,125,155,42,78,95,137,85,177,39,134,97,80,48,66,116,112,41,101,163,26,38,144,22,98,154,9,77,6,28,25,33,65,54,159,174,23,30,88,29,83,15,60,14,149,27,44,11,170,24,12,176,173,13,10,51,32,151,57,8,73,143,131,169,115,7,153,110,18,123,76,92,106,59,148,166,17,2,0,37,128,162,46,35,122,4,168,91,152,21,147,68,109
108,67,90,146,1,121,45,167,150,58,34,36,56,161,75,16,19,105,20,31,53,72,114,94,127,179,62,84,165,142,64,172,55,175,50,132,43,118,136,178,126,3,117,79,171,135,157,113,145,47,99,87,138,141,49,130,120,96,140,93,124,61,156,158,129,160,81,52,71,100,74,5,107,139,86,104,40,164,70,111,82,119,180,89,69,63,102,133,103,125,155,42,78,95,137,85,177,39,134,97,80,48,66,116,112,41,101,163,26,38,144,22,98,154,9,77,6,28,25,33,65,54,159,174,23,30,88,29,83,15,60,14,149,27,44,11,170,24,12,176,173,13,10,51,32,151,57,8,73,143,131,169,115,7,153,110,18,123,76,92,106,59,148,166,17,2,0,37,128,162,46,35,122,4,168,91,152,21,147,68,109
108,67,90,146,1,121,45,167,150,58,34,36,181,56,161,75,16,19,105,20,31,53,72,114,94,127,179,62,84,165,142,64,172,55,175,50,132,43,118,136,178,126,3,117,79,171,135,157,113,145,47,99,87,138,141,49,130,120,96,140,93,124,61,156,158,129,160,81,52,71,100,74,5,107,139,86,104,40,164,70,111,82,119,180,89,69,63,102,133,103,125,155,42,78,95,137,85,177,39,134,97,80,48,66,116,112,41,101,163,26,38,144,22,98,154,9,77,6,28,25,33,65,54,159,174,23,30,88,29,83,15,60,14,149,27,44,11,170,24,12,176,173,13,10,51,32,151,57,8,73,143,131,169,115,7,153,110,18,123,76,92,106,59,148,166,17,2,0,37,128,162,46,35,122,4,168,91,152,21,147,68,109
108,67,90,146,1,121,45,167,150,58,34,36,181,56,161,75,16,19,105,20,31,53,72,114,94,127,179,62,84,165,142,64,172,55,175,50,132,43,118,136,178,126,3,117,79,171,135,157,113,145,47,99,87,138,141,49,130,120,96,140,93,124,61,156,158,129,160,81,52,71,100,74,5,107,139,86,104,40,164,70,111,82,119,180,89,69,63,102,133,103,125,155,42,78,95,137,85,177,39,134,97,80,48,66,116,112,41,101,163,26,38,144,22,98,154,9,77,6,28,25,33,65,54,159,174,23,30,88,29,83,15,60,14,149,27,44,11,170,24,12,176,173,13,182,10,51,32,151,57,8,73,143,131,169,115,7,153,110,18,123,76,92,106,59,148,166,17,2,0,37,128,162,46,35,122,4,168,91,152,21,147,68,109
108,67,90,146,1,121,45,167,150,58,34,36,181,56,161,75,16,19,105,20,31,53,72,114,94,127,179,62,84,165,142,64,172,55,175,50,132,43,118,136,178,126,3,117,79,171,135,157,113,145,47,99,87,138,141,49,130,120,96,140,93,124,61,156,158,129,160,81,52,71,100,74,5,107,139,86,104,40,164,70,111,82,119,180,89,69,63,102,133,103,125,155,42,78,95,137,85,177,39,134,97,80,48,66,116,112,41,101,163,26,38,144,22,98,154,9,77,6,28,25,33,65,54,159,174,23,30,88,29,83,15,60,14,149,27,44,11,170,24,12,176,173,13,182,10,51,32,151,57,8,73,143,131,169,115,7,153,110,18,123,183,76,92,106,59,148,166,17,2,0,37,128,162,46,35,122,4,168,91,152,21,147,68,109
108,67,90,146,1,121,45,167,150,58,34,36,181,56,161,75,16,19,105,20,31,53,72,114,94,127,179,62,84,165,142,64,172,55,175,50,132,43,118,136,178,126,3,117,79,171,135,157,113,145,47,99,87,138,141,49,130,120,96,140,93,124,61,156,158,129,160,81,52,71,100,74,5,107,139,86,104,40,164,70,111,82,119,180,89,69,63,102,133,103,125,155,42,78,95,137,85,177,39,134,97,80,48,66,116,112,41,101,163,26,38,144,22,98,154,9,77,6,28,25,33,65,54,159,174,23,30,88,29,83,15,60,184,14,149,27,44,11,170,24,12,176,173,13,182,10,51,32,151,57,8,73,143,131,169,115,7,153,110,18,123,183,76,92,106,59,148,166,17,2,0,37,128,162,46,35,122,4,168,91,152,21,147,68,109
108,67,90,146,1,121,45,167,150,58,34,36,181,56,161,75,16,19,105,20,31,53,72,114,94,127,179,62,84,165,142,64,172,55,175,50,132,43,118,185,136,178,126,3,117,79,171,135,157,113,145,47,99,87,138,141,49,130,120,96,140,93,124,61,156,158,129,160,81,52,71,100,74,5,107,139,86,104,40,164,70,111,82,119,180,89,69,63,102,133,103,125,155,42,78,95,137,85,177,39,134,97,80,48,66,116,112,41,101,163,26,38,144,22,98,154,9,77,6,28,25,33,65,54,159,174,23,30,88,29,83,15,60,184,14,149,27,44,11,170,24,12,176,173,13,182,10,51,32,151,57,8,73,143,131,169,115,7,153,110,18,123,183,76,92,106,59,148,166,17,2,0,37,128,162,46,35,122,4,168,91,152,21,147,68,109
108,67,90,146,1,121,45,167,150,58,34,36,181,56,186,161,75,16,19,105,20,31,53,72,114,94,127,179,62,84,165,142,64,172,55,175,50,132,43,118,185,136,178,126,3,117,79,171,135,157,113,145,47,99,87,138,141,49,130,120,96,140,93,124,61,156,158,129,160,81,52,71,100,74,5,107,139,86,104,40,164,70,111,82,119,180,89,69,63,102,133,103,125,155,42,78,95,137,85,177,39,134,97,80,48,66,116,112,41,101,163,26,38,144,22,98,154,9,77,6,28,25,33,65,54,159,174,23,30,88,29,83,15,60,184,14,149,27,44,11,170,24,12,176,173,13,182,10,51,32,151,57,8,73,143,131,169,115,7,153,110,18,123,183,76,92,106,59,148,166,17,2,0,37,128,162,46,35,122,4,168,91,152,21,147,68,109
108,67,90,146,1,121,45,167,150,58,34,36,181,56,186,161,75,16,19,105,20,31,53,72,114,94,127,179,62,84,165,142,64,172,55,175,50,132,43,118,185,136,178,126,3,117,79,171,135,157,113,145,47,99,87,138,141,49,130,120,96,140,93,124,61,156,158,129,160,81,52,71,100,74,5,107,139,86,104,40,164,70,111,82,119,180,89,69,63,102,133,103,125,155,42,78,95,137,85,177,39,134,97,80,48,66,116,112,41,101,163,26,38,144,22,98,154,9,77,6,28,25,33,65,54,159,174,23,30,88,29,83,15,60,184,14,149,27,44,11,170,24,12,176,173,13,182,10,51,32,151,57,8,73,143,131,169,115,7,153,110,18,123,183,187,76,92,106,59,148,166,17,2,0,37,128,162,46,35,122,4,168,91,152,21,147,68,109
108,67,90,146,1,121,45,167,150,58,34,36,181,56,186,188,161,75,16,19,105,20,31,53,72,114,94,127,179,62,84,165,142,64,172,55,175,50,132,43,118,185,136,178,126,3,117,79,171,135,157,113,145,47,99,87,138,141,49,130,120,96,140,93,124,61,156,158,129,160,81,52,71,100,74,5,107,139,86,104,40,164,70,111,82,119,180,89,69,63,102,133,103,125,155,42,78,95,137,85,177,39,134,97,80,48,66,116,112,41,101,163,26,38,144,22,98,154,9,77,6,28,25,33,65,54,159,174,23,30,88,29,83,15,60,184,14,149,27,44,11,170,24,12,176,173,13,182,10,51,32,151,57,8,73,143,131,169,115,7,153,110,18,123,183,187,76,92,106,59,148,166,17,2,0,37,128,162,46,35,122,4,168,91,152,21,147,68,109
108,67,90,146,1,121,45,167,150,58,34,36,181,56,186,188,161,75,16,19,105,20,31,53,72,114,94,127,179,62,84,165,142,64,172,55,175,50,132,43,118,185,136,178,126,3,117,79,171,135,157,113,145,47,99,87,138,141,49,130,120,96,140,93,124,61,156,158,129,160,81,52,71,100,74,5,107,139,86,104,40,164,70,111,82,119,180,89,69,63,102,133,103,125,155,42,78,95,137,85,177,39,134,97,80,48,66,116,112,41,101,163,26,38,144,22,98,154,9,77,6,28,25,33,65,54,159,174,23,30,88,29,83,15,60,184,14,149,27,44,11,170,24,12,176,173,13,182,10,51,32,151,57,8,73,143,131,169,115,7,153,110,18,123,183,187,76,92,106,59,148,166,17,2,0,37,128,162,189,46,35,122,4,168,91,152,21,147,68,109
108,67,90,146,1,121,45,167,150,58,34,36,181,56,186,188,161,75,16,19,105,20,31,53,72,114,94,127,179,62,84,165,142,64,172,55,175,50,132,43,118,185,136,178,126,3,117,79,171,135,157,113,145,47,99,87,138,141,49,130,120,96,140,93,124,61,156,158,129,160,81,52,71,100,74,5,107,139,86,104,40,164,70,111,82,119,180,89,69,63,102,133,103,125,155,42,78,95,137,85,177,39,134,97,80,48,66,116,112,41,101,163,26,38,144,22,98,154,9,77,6,28,25,33,65,54,159,174,23,30,88,29,83,15,60,184,14,149,27,44,11,170,24,12,176,173,13,182,10,51,32,151,57,8,73,143,131,169,115,7,153,110,18,123,183,187,76,92,106,190,59,148,166,17,2,0,37,128,162,189,46,35,122,4,168,91,152,21,147,68,109
108,67,90,146,1,121,45,167,150,58,34,36,181,56,186,188,161,75,16,19,105,20,31,53,72,114,94,127,179,62,84,165,142,64,172,55,175,50,132,43,118,185,136,178,126,3,117,79,171,135,157,113,145,47,99,87,138,141,49,130,120,96,140,93,124,61,156,158,129,160,81,52,71,100,74,5,107,139,86,104,40,164,70,111,82,119,180,89,69,63,102,133,103,191,125,155,42,78,95,137,85,177,39,134,97,80,48,66,116,112,41,101,163,26,38,144,22,98,154,9,77,6,28,25,33,65,54,159,174,23,30,88,29,83,15,60,184,14,149,27,44,11,170,24,12,176,173,13,182,10,51,32,151,57,8,73,143,131,169,115,7,153,110,18,123,183,187,76,92,106,190,59,148,166,17,2,0,37,128,162,189,46,35,122,4,168,91,152,21,147,68,109
108,67,90,146,1,121,45,167,150,58,34,36,181,56,186,188,161,75,16,19,105,20,31,53,72,114,94,127,179,62,84,165,142,64,172,55,175,50,132,43,118,185,136,178,126,3,117,79,171,135,192,157,113,145,47,99,87,138,141,49,130,120,96,140,93,124,61,156,158,129,160,81,52,71,100,74,5,107,139,86,104,40,164,70,111,82,119,180,89,69,63,102,133,103,191,125,155,42,78,95,137,85,177,39,134,97,80,48,66,116,112,41,101,163,26,38,144,22,98,154,9,77,6,28,25,33,65,54,159,174,23,30,88,29,83,15,60,184,14,149,27,44,11,170,24,12,176,173,13,182,10,51,32,151,57,8,73,143,131,169,115,7,153,110,18,123,183,187,76,92,106,190,59,148,166,17,2,0,37,128,162,189,46,35,122,4,168,91,152,21,147,68,109
108,67,90,146,1,121,45,167,150,58,34,36,181,56,186,188,161,75,16,19,105,20,31,53,72,114,94,127,179,62,84,165,142,64,172,55,175,50,132,43,118,185,136,178,126,3,117,79,171,135,192,157,113,145,47,99,87,138,193,141,49,130,120,96,140,93,124,61,156,158,129,160,81,52,71,100,74,5,107,139,86,104,40,164,70,111,82,119,180,89,69,63,102,133,103,191,125,155,42,78,95,137,85,177,39,134,97,80,48,66,116,112,41,101,163,26,38,144,22,98,154,9,77,6,28,25,33,65,54,159,174,23,30,88,29,83,15,60,184,14,149,27,44,11,170,24,12,176,173,13,182,10,51,32,151,57,8,73,143,131,169,115,7,153,110,18,123,183,187,76,92,106,190,59,148,166,17,2,0,37,128,162,189,46,35,122,4,168,91,152,21,147,68,109
108,67,90,146,1,121,45,167,150,58,34,36,194,181,56,186,188,161,75,16,19,105,20,31,53,72,114,94,127,179,62,84,165,142,64,172,55,175,50,132,43,118,185,136,178,126,3,117,79,171,135,192,157,113,145,47,99,87,138,193,141,49,130,120,96,140,93,124,61,156,158,129,160,81,52,71,100,74,5,107,139,86,104,40,164,70,111,82,119,180,89,69,63,102,133,103,191,125,155,42,78,95,137,85,177,39,134,97,80,48,66,116,112,41,101,163,26,38,144,22,98,154,9,77,6,28,25,33,65,54,159,174,23,30,88,29,83,15,60,184,14,149,27,44,11,170,24,12,176,173,13,182,10,51,32,151,57,8,73,143,131,169,115,7,153,110,18,123,183,187,76,92,106,190,59,148,166,17,2,0,37,128,162,189,46,35,122,4,168,91,152,21,147,68,109
108,67,90,146,1,121,45,167,150,58,34,36,194,181,56,186,188,161,75,16,19,105,20,31,53,72,114,94,127,179,62,84,165,142,64,172,55,175,50,132,43,118,185,136,178,126,3,117,79,171,135,192,157,113,145,47,99,87,138,193,141,49,130,120,96,140,93,124,61,156,158,129,160,81,52,71,100,74,5,107,139,86,104,40,164,70,111,82,119,180,89,69,63,102,133,103,191,125,155,42,78,95,137,85,177,39,134,97,80,48,66,116,112,41,101,163,26,38,144,22,98,154,9,77,6,28,25,33,65,54,159,174,23,30,88,29,83,15,60,184,14,149,27,44,11,170,24,12,176,173,13,182,10,51,32,151,57,8,73,143,131,169,115,7,153,110,18,123,183,187,76,92,106,190,59,148,166,17,2,0,37,128,195,162,189,46,35,122,4,168,91,152,21,147,68,109
108,67,90,146,1,121,45,167,150,58,34,36,194,181,56,186,188,161,75,16,19,105,20,31,53,72,114,94,127,179,62,84,165,142,64,172,55,175,50,132,43,118,185,136,178,126,3,117,79,171,135,192,157,113,145,47,99,87,138,193,141,49,130,120,96,140,93,124,61,156,158,129,160,81,52,71,100,74,5,107,139,86,104,40,164,70,111,82,119,180,89,69,63,102,133,103,191,125,155,42,78,95,137,85,177,39,134,97,80,48,66,116,112,41,101,163,26,38,144,22,98,154,9,77,6,28,25,33,65,54,159,174,196,23,30,88,29,83,15,60,184,14,149,27,44,11,170,24,12,176,173,13,182,10,51,32,151,57,8,73,143,131,169,115,7,153,110,18,123,183,187,76,92,106,190,59,148,166,17,2,0,37,128,195,162,189,46,35,122,4,168,91,152,21,147,68,109
108,67,90,146,1,121,45,167,150,58,34,36,194,181,56,186,188,161,75,16,19,105,20,31,53,72,114,94,127,197,179,62,84,165,142,64,172,55,175,50,132,43,118,185,136,178,126,3,117,79,171,135,192,157,113,145,47,99,87,138,193,141,49,130,120,96,140,93,124,61,156,158,129,160,81,52,71,100,74,5,107,139,86,104,40,164,70,111,82,119,180,89,69,63,102,133,103,191,125,155,42,78,95,137,85,177,39,134,97,80,48,66,116,112,41,101,163,26,38,144,22,98,154,9,77,6,28,25,33,65,54,159,174,196,23,30,88,29,83,15,60,184,14,149,27,44,11,170,24,12,176,173,13,182,10,51,32,151,57,8,73,143,131,169,115,7,153,110,18,123,183,187,76,92,106,190,59,148,166,17,2,0,37,128,195,162,189,46,35,122,4,168,91,152,21,147,68,109
